"estado","coleta_id","repeticao","inicio_iso","duracao_ms","duracao_s","codigo_saida","sucesso","commit","coletor_sha256","java","maven","maven_executavel","comando"
"pre-migracao","recoleta-baseline-20260926","1","2026-09-26T18:09:36.0857889-03:00","12151.952","12.151952","0","True","c6e238912a33b3a9c74f8a914f82df1931c7f7ea","C77263BC1C654344A75E5E12F57151548A0814F3AE7F73D22A657314228625F7","java version ""1.8.0_201""","Apache Maven 3.9.11 (3e54c93a704957b63ee3494413a2b544fd3d825b)","C:\Program Files\Maven\apache-maven-3.9.11-bin\apache-maven-3.9.11\bin\mvn.cmd","mvn clean package"
"pre-migracao","recoleta-baseline-20260926","2","2026-09-26T18:09:48.2668526-03:00","10098.539","10.098539","0","True","c6e238912a33b3a9c74f8a914f82df1931c7f7ea","C77263BC1C654344A75E5E12F57151548A0814F3AE7F73D22A657314228625F7","java version ""1.8.0_201""","Apache Maven 3.9.11 (3e54c93a704957b63ee3494413a2b544fd3d825b)","C:\Program Files\Maven\apache-maven-3.9.11-bin\apache-maven-3.9.11\bin\mvn.cmd","mvn clean package"
"pre-migracao","recoleta-baseline-20260926","3","2026-09-26T18:09:58.3661845-03:00","9095.16","9.09516","0","True","c6e238912a33b3a9c74f8a914f82df1931c7f7ea","C77263BC1C654344A75E5E12F57151548A0814F3AE7F73D22A657314228625F7","java version ""1.8.0_201""","Apache Maven 3.9.11 (3e54c93a704957b63ee3494413a2b544fd3d825b)","C:\Program Files\Maven\apache-maven-3.9.11-bin\apache-maven-3.9.11\bin\mvn.cmd","mvn clean package"
"pre-migracao","recoleta-baseline-20260926","4","2026-09-26T18:10:07.4652145-03:00","9102.562","9.102562","0","True","c6e238912a33b3a9c74f8a914f82df1931c7f7ea","C77263BC1C654344A75E5E12F57151548A0814F3AE7F73D22A657314228625F7","java version ""1.8.0_201""","Apache Maven 3.9.11 (3e54c93a704957b63ee3494413a2b544fd3d825b)","C:\Program Files\Maven\apache-maven-3.9.11-bin\apache-maven-3.9.11\bin\mvn.cmd","mvn clean package"
"pre-migracao","recoleta-baseline-20260926","5","2026-09-26T18:10:16.5701808-03:00","9058.126","9.058126","0","True","c6e238912a33b3a9c74f8a914f82df1931c7f7ea","C77263BC1C654344A75E5E12F57151548A0814F3AE7F73D22A657314228625F7","java version ""1.8.0_201""","Apache Maven 3.9.11 (3e54c93a704957b63ee3494413a2b544fd3d825b)","C:\Program Files\Maven\apache-maven-3.9.11-bin\apache-maven-3.9.11\bin\mvn.cmd","mvn clean package"
"pre-migracao","recoleta-baseline-20260926","6","2026-09-26T18:10:25.6299632-03:00","9096.068","9.096068","0","True","c6e238912a33b3a9c74f8a914f82df1931c7f7ea","C77263BC1C654344A75E5E12F57151548A0814F3AE7F73D22A657314228625F7","java version ""1.8.0_201""","Apache Maven 3.9.11 (3e54c93a704957b63ee3494413a2b544fd3d825b)","C:\Program Files\Maven\apache-maven-3.9.11-bin\apache-maven-3.9.11\bin\mvn.cmd","mvn clean package"
"pre-migracao","recoleta-baseline-20260926","7","2026-09-26T18:10:34.7281105-03:00","9093.907","9.093907","0","True","c6e238912a33b3a9c74f8a914f82df1931c7f7ea","C77263BC1C654344A75E5E12F57151548A0814F3AE7F73D22A657314228625F7","java version ""1.8.0_201""","Apache Maven 3.9.11 (3e54c93a704957b63ee3494413a2b544fd3d825b)","C:\Program Files\Maven\apache-maven-3.9.11-bin\apache-maven-3.9.11\bin\mvn.cmd","mvn clean package"
"pre-migracao","recoleta-baseline-20260926","8","2026-09-26T18:10:43.8238996-03:00","9057.764","9.057764","0","True","c6e238912a33b3a9c74f8a914f82df1931c7f7ea","C77263BC1C654344A75E5E12F57151548A0814F3AE7F73D22A657314228625F7","java version ""1.8.0_201""","Apache Maven 3.9.11 (3e54c93a704957b63ee3494413a2b544fd3d825b)","C:\Program Files\Maven\apache-maven-3.9.11-bin\apache-maven-3.9.11\bin\mvn.cmd","mvn clean package"
"pre-migracao","recoleta-baseline-20260926","9","2026-09-26T18:10:52.8832717-03:00","9057.714","9.057714","0","True","c6e238912a33b3a9c74f8a914f82df1931c7f7ea","C77263BC1C654344A75E5E12F57151548A0814F3AE7F73D22A657314228625F7","java version ""1.8.0_201""","Apache Maven 3.9.11 (3e54c93a704957b63ee3494413a2b544fd3d825b)","C:\Program Files\Maven\apache-maven-3.9.11-bin\apache-maven-3.9.11\bin\mvn.cmd","mvn clean package"
"pre-migracao","recoleta-baseline-20260926","10","2026-09-26T18:11:01.9416863-03:00","9083.668","9.083668","0","True","c6e238912a33b3a9c74f8a914f82df1931c7f7ea","C77263BC1C654344A75E5E12F57151548A0814F3AE7F73D22A657314228625F7","java version ""1.8.0_201""","Apache Maven 3.9.11 (3e54c93a704957b63ee3494413a2b544fd3d825b)","C:\Program Files\Maven\apache-maven-3.9.11-bin\apache-maven-3.9.11\bin\mvn.cmd","mvn clean package"
