file,class,type,cbo,cboModified,fanin,fanout,wmc,dit,noc,rfc,lcom,lcom*,tcc,lcc,totalMethodsQty,staticMethodsQty,publicMethodsQty,privateMethodsQty,protectedMethodsQty,defaultMethodsQty,visibleMethodsQty,abstractMethodsQty,finalMethodsQty,synchronizedMethodsQty,totalFieldsQty,staticFieldsQty,publicFieldsQty,privateFieldsQty,protectedFieldsQty,defaultFieldsQty,finalFieldsQty,synchronizedFieldsQty,nosi,loc,returnQty,loopQty,comparisonsQty,tryCatchQty,parenthesizedExpsQty,stringLiteralsQty,numbersQty,assignmentsQty,mathOperationsQty,variablesQty,maxNestedBlocksQty,anonymousClassesQty,innerClassesQty,lambdasQty,uniqueWordsQty,modifiers,logStatementsQty
C:\desenvolvimento\tcc-legado\monolito-biblioteca\src\main\java\tcc\legado\util\FeriadoClient.java,tcc.legado.util.FeriadoClient,class,5,7,2,5,4,1,0,25,0,0.0,NaN,NaN,1,1,1,0,0,0,1,0,0,0,2,2,0,2,0,0,2,0,4,33,2,1,1,1,0,10,4,13,3,14,3,0,0,1,53,1,1
C:\desenvolvimento\tcc-legado\monolito-biblioteca\src\main\java\tcc\legado\model\Perfil.java,tcc.legado.model.Perfil,class,3,5,2,3,4,1,0,0,2,0.5,0.33333334,0.33333334,4,0,4,0,0,0,4,0,0,0,2,0,0,2,0,0,0,0,0,16,2,0,0,0,0,3,0,3,0,2,0,0,0,0,8,1,0
C:\desenvolvimento\tcc-legado\monolito-biblioteca\src\main\java\tcc\legado\util\PerfisWrapper.java,tcc.legado.util.PerfisWrapper,class,6,8,2,6,6,1,0,9,0,0.33333334,0.33333334,0.33333334,3,1,3,0,0,0,3,0,0,0,2,1,0,2,0,0,0,0,0,29,4,1,1,1,0,3,0,8,0,7,2,0,0,0,26,1,0
C:\desenvolvimento\tcc-legado\monolito-biblioteca\src\main\java\tcc\legado\ejb\emprestimo\EmprestimoEJB.java,tcc.legado.ejb.emprestimo.EmprestimoEJB,class,6,6,0,6,12,1,0,8,0,0.0,1.0,1.0,6,0,6,0,0,0,6,0,0,0,1,0,0,1,0,0,0,0,0,30,4,0,3,0,0,3,2,0,0,1,1,0,0,0,27,1,0
C:\desenvolvimento\tcc-legado\monolito-biblioteca\src\main\java\tcc\legado\model\Livro.java,tcc.legado.model.Livro,class,0,9,9,0,15,1,0,0,91,0.86666673,0.06666667,0.06666667,15,0,15,0,0,0,15,0,0,0,7,0,0,7,0,0,0,0,0,53,7,0,0,0,0,0,0,7,0,7,0,0,0,0,19,1,0
C:\desenvolvimento\tcc-legado\monolito-biblioteca\src\main\java\tcc\legado\service\LivroService.java,tcc.legado.service.LivroService,class,8,11,3,8,21,1,0,28,0,0.25,1.0,1.0,6,0,5,1,0,0,5,0,0,0,2,1,0,2,0,0,1,0,3,66,3,1,7,1,0,19,4,9,6,11,2,0,0,1,51,1,3
C:\desenvolvimento\tcc-legado\monolito-biblioteca\src\main\java\tcc\legado\util\HashUtil.java,tcc.legado.util.HashUtil,class,2,4,2,2,5,1,0,10,1,0.0,0.0,0.0,2,2,2,0,0,0,2,0,0,0,0,0,0,0,0,0,0,0,5,23,1,1,1,1,0,8,2,4,3,4,3,0,0,0,21,1,0
C:\desenvolvimento\tcc-legado\monolito-biblioteca\src\main\java\tcc\legado\service\UsuarioService.java,tcc.legado.service.UsuarioService,class,4,5,1,4,14,1,0,14,0,0.0,1.0,1.0,6,0,6,0,0,0,6,0,0,0,1,0,0,1,0,0,0,0,0,40,3,0,4,0,0,6,0,3,0,6,1,0,0,1,30,1,0
C:\desenvolvimento\tcc-legado\monolito-biblioteca\src\main\java\tcc\legado\ejb\destaque\LivroDestaqueEJB.java,tcc.legado.ejb.destaque.LivroDestaqueEJB,class,6,6,0,6,7,1,0,7,0,0.0,1.0,1.0,7,0,7,0,0,0,7,0,0,0,1,0,0,1,0,0,0,0,0,24,3,0,0,0,0,0,0,0,0,1,0,0,0,0,21,1,0
C:\desenvolvimento\tcc-legado\monolito-biblioteca\src\main\java\tcc\legado\ejb\livro\ILivroEJB.java,tcc.legado.ejb.livro.ILivroEJB,interface,1,3,2,1,5,1,0,0,10,0.0,0.0,0.0,5,0,0,0,0,5,5,0,0,0,0,0,0,0,0,0,0,0,0,7,0,0,0,0,0,0,0,0,0,0,0,0,0,0,16,1,0
C:\desenvolvimento\tcc-legado\monolito-biblioteca\src\main\java\tcc\legado\model\LivroDestaque.java,tcc.legado.model.LivroDestaque,class,0,6,6,0,22,1,0,0,187,0.8818182,0.0952381,0.35497835,22,0,22,0,0,0,22,0,0,0,10,0,0,10,0,0,0,0,0,82,10,0,0,0,0,0,1,16,0,10,0,0,0,0,38,1,0
C:\desenvolvimento\tcc-legado\monolito-biblioteca\src\main\java\tcc\legado\action\LivroAction.java,tcc.legado.action.LivroAction,class,10,11,1,10,26,2,0,27,36,0.0,0.0,0.0,9,0,7,2,0,0,7,0,0,0,0,0,0,0,0,0,0,0,6,113,17,0,9,0,0,51,0,26,0,26,1,0,0,0,58,1,0
C:\desenvolvimento\tcc-legado\monolito-biblioteca\src\main\java\tcc\legado\model\Usuario.java,tcc.legado.model.Usuario,class,0,12,12,0,15,1,0,0,47,0.74444443,0.2761905,0.8666667,15,0,15,0,0,0,15,0,0,0,6,0,0,6,0,0,0,0,0,56,7,0,0,0,0,7,0,11,2,6,0,0,0,0,18,1,0
C:\desenvolvimento\tcc-legado\monolito-biblioteca\src\main\java\tcc\legado\ejb\destaque\ILivroDestaqueEJB.java,tcc.legado.ejb.destaque.ILivroDestaqueEJB,interface,1,2,1,1,7,1,0,0,21,0.0,0.0,0.0,7,0,0,0,0,7,7,0,0,0,0,0,0,0,0,0,0,0,0,9,0,0,0,0,0,0,0,0,0,0,0,0,0,0,19,1,0
C:\desenvolvimento\tcc-legado\monolito-biblioteca\src\main\java\tcc\legado\util\CacheGlobal.java,tcc.legado.util.CacheGlobal,class,1,4,3,1,7,1,0,6,13,0.6666667,0.04761905,0.04761905,6,6,6,0,0,0,7,0,0,0,1,1,0,1,0,0,1,0,5,29,3,0,0,0,0,7,0,1,0,1,1,0,0,0,17,1,0
C:\desenvolvimento\tcc-legado\monolito-biblioteca\src\main\java\tcc\legado\ejb\livro\LivroEJB.java,tcc.legado.ejb.livro.LivroEJB,class,6,6,0,6,9,1,0,9,0,0.0,1.0,1.0,5,0,5,0,0,0,5,0,0,0,1,0,0,1,0,0,0,0,0,27,2,0,3,0,0,3,0,0,0,1,1,0,0,0,21,1,0
C:\desenvolvimento\tcc-legado\monolito-biblioteca\src\main\java\tcc\legado\action\EmprestimoAction.java,tcc.legado.action.EmprestimoAction,class,13,14,1,13,25,2,0,26,28,0.0,0.0,0.0,8,0,7,1,0,0,7,0,0,0,0,0,0,0,0,0,0,0,4,117,20,0,6,5,0,55,0,23,4,24,1,0,0,1,55,1,0
C:\desenvolvimento\tcc-legado\monolito-biblioteca\src\main\java\tcc\legado\job\QuartzInitializer.java,tcc.legado.job.QuartzInitializer,class,9,10,1,9,3,1,0,16,0,0.0,NaN,NaN,2,0,1,1,0,0,1,0,0,0,1,1,0,1,0,0,1,0,1,25,0,0,0,1,0,14,0,6,1,6,1,0,0,0,28,1,3
C:\desenvolvimento\tcc-legado\monolito-biblioteca\src\main\java\tcc\legado\ejb\auth\AuthEJB.java,tcc.legado.ejb.auth.AuthEJB,class,6,6,0,6,2,1,0,2,0,0.0,NaN,NaN,1,0,1,0,0,0,1,0,0,0,1,0,0,1,0,0,0,0,0,9,1,0,0,0,0,1,1,0,0,1,1,0,0,0,16,1,0
C:\desenvolvimento\tcc-legado\monolito-biblioteca\src\main\java\tcc\legado\service\LivroDestaqueService.java,tcc.legado.service.LivroDestaqueService,class,5,7,2,5,23,1,0,14,0,0.125,1.0,1.0,8,0,7,1,0,0,7,0,0,0,1,0,0,1,0,0,0,0,0,52,3,0,8,0,1,8,6,0,0,1,1,0,0,0,29,1,0
C:\desenvolvimento\tcc-legado\monolito-biblioteca\src\main\java\tcc\legado\service\AuthService.java,tcc.legado.service.AuthService,class,4,5,1,4,5,1,0,3,0,0.0,NaN,NaN,1,0,1,0,0,0,1,0,0,0,1,0,0,1,0,0,0,0,0,12,1,0,2,0,0,2,0,0,0,1,1,0,0,0,13,1,0
C:\desenvolvimento\tcc-legado\monolito-biblioteca\src\main\java\tcc\legado\dao\UsuarioDAO.java,tcc.legado.dao.UsuarioDAO,class,2,6,4,2,18,1,0,28,21,0.0,0.0,0.0,7,0,6,1,0,0,6,0,0,0,0,0,0,0,0,0,0,0,2,110,6,1,0,7,0,25,12,26,0,26,2,0,0,0,55,1,0
C:\desenvolvimento\tcc-legado\monolito-biblioteca\src\main\java\tcc\legado\ejb\usuario\IUsuarioEJB.java,tcc.legado.ejb.usuario.IUsuarioEJB,interface,1,3,2,1,6,1,0,0,15,0.0,0.0,0.0,6,0,0,0,0,6,6,0,0,0,0,0,0,0,0,0,0,0,0,8,0,0,0,0,0,0,0,0,0,0,0,0,0,0,18,1,0
C:\desenvolvimento\tcc-legado\monolito-biblioteca\src\main\java\tcc\legado\filter\AuthFilter.java,tcc.legado.filter.AuthFilter,class,10,11,1,10,43,1,0,21,10,0.0,NaN,NaN,5,0,1,4,0,0,1,0,0,0,0,0,0,0,0,0,0,0,1,69,27,0,7,0,0,52,0,12,4,12,2,0,0,0,43,1,0
C:\desenvolvimento\tcc-legado\monolito-biblioteca\src\main\java\tcc\legado\ejb\auth\IAuthEJB.java,tcc.legado.ejb.auth.IAuthEJB,interface,1,3,2,1,1,1,0,0,0,0.0,NaN,NaN,1,0,0,0,0,1,1,0,0,0,0,0,0,0,0,0,0,0,0,3,0,0,0,0,0,0,0,0,0,0,0,0,0,0,8,1,0
C:\desenvolvimento\tcc-legado\monolito-biblioteca\src\main\java\tcc\legado\model\UsuarioAuth.java,tcc.legado.model.UsuarioAuth,class,0,0,0,0,8,1,0,0,10,0.625,0.32142857,0.75,8,0,8,0,0,0,8,0,0,0,3,0,0,3,0,0,0,0,0,30,3,0,0,0,0,0,0,6,0,3,0,0,0,0,10,1,0
C:\desenvolvimento\tcc-legado\monolito-biblioteca\src\main\java\tcc\legado\dao\LivroDestaqueDAO.java,tcc.legado.dao.LivroDestaqueDAO,class,4,8,4,4,40,1,0,56,66,0.0,0.0,0.0,12,0,10,2,0,0,10,0,0,0,0,0,0,0,0,0,0,0,2,181,8,4,11,11,0,40,28,46,3,46,2,0,0,0,85,1,0
C:\desenvolvimento\tcc-legado\monolito-biblioteca\src\main\java\tcc\legado\action\UsuarioAction.java,tcc.legado.action.UsuarioAction,class,10,11,1,10,20,2,0,33,36,0.0,0.0,0.0,9,0,7,2,0,0,7,0,0,0,0,0,0,0,0,0,0,0,3,101,15,0,6,0,0,48,0,22,1,22,1,0,0,0,63,1,0
C:\desenvolvimento\tcc-legado\monolito-biblioteca\src\main\java\tcc\legado\ejb\emprestimo\IEmprestimoEJB.java,tcc.legado.ejb.emprestimo.IEmprestimoEJB,interface,1,4,3,1,6,1,0,0,15,0.0,0.0,0.0,6,0,0,0,0,6,6,0,0,0,0,0,0,0,0,0,0,0,0,8,0,0,0,0,0,0,0,0,0,0,0,0,0,0,20,1,0
C:\desenvolvimento\tcc-legado\monolito-biblioteca\src\main\java\tcc\legado\servlet\HealthCheckServlet.java,tcc.legado.servlet.HealthCheckServlet,class,4,4,0,4,1,2,0,3,0,0.0,NaN,NaN,1,0,0,0,1,0,1,0,0,0,0,0,0,0,0,0,0,0,0,6,0,0,0,0,0,2,0,0,0,0,0,0,0,0,12,1,0
C:\desenvolvimento\tcc-legado\monolito-biblioteca\src\main\java\tcc\legado\action\AuthAction.java,tcc.legado.action.AuthAction,class,9,9,0,9,6,2,0,10,1,0.0,0.0,0.0,2,0,2,0,0,0,2,0,0,0,0,0,0,0,0,0,0,0,0,30,4,0,3,0,0,13,0,7,0,7,1,0,0,0,33,1,0
C:\desenvolvimento\tcc-legado\monolito-biblioteca\src\main\java\tcc\legado\action\LivroDestaqueAction.java,tcc.legado.action.LivroDestaqueAction,class,9,10,1,9,26,2,0,28,1,0.2857143,0.47619048,0.47619048,7,0,7,0,0,0,7,0,0,0,1,0,0,1,0,0,0,0,6,108,13,0,11,0,0,51,0,24,0,23,1,0,0,0,56,1,0
C:\desenvolvimento\tcc-legado\monolito-biblioteca\src\main\java\tcc\legado\job\MultaDiariaJob.java,tcc.legado.job.MultaDiariaJob,class,5,7,2,5,2,1,0,7,0,0.0,NaN,NaN,1,0,1,0,0,0,1,0,0,0,1,1,0,1,0,0,1,0,1,16,0,0,0,1,0,4,0,3,1,3,1,0,0,0,24,1,2
C:\desenvolvimento\tcc-legado\monolito-biblioteca\src\main\java\tcc\legado\dao\EmprestimoDAO.java,tcc.legado.dao.EmprestimoDAO,class,2,4,2,2,19,1,0,33,21,0.0,0.0,0.0,7,0,6,1,0,0,6,0,0,0,0,0,0,0,0,0,0,0,2,116,5,2,1,7,0,32,13,27,1,27,2,0,0,0,62,1,0
C:\desenvolvimento\tcc-legado\monolito-biblioteca\src\main\java\tcc\legado\service\EmprestimoService.java,tcc.legado.service.EmprestimoService,class,12,15,3,12,33,1,0,52,0,0.64444447,1.0,1.0,9,0,6,3,0,0,6,0,0,0,5,1,0,5,0,0,1,0,17,150,10,3,9,0,0,20,19,34,10,32,2,0,0,0,75,1,6
C:\desenvolvimento\tcc-legado\monolito-biblioteca\src\main\java\tcc\legado\dao\AuthDAO.java,tcc.legado.dao.AuthDAO,class,3,5,2,3,5,1,0,17,1,0.0,NaN,NaN,2,0,1,1,0,0,1,0,0,0,0,0,0,0,0,0,0,0,3,34,3,0,0,2,0,14,2,6,1,6,2,0,0,0,48,1,0
C:\desenvolvimento\tcc-legado\monolito-biblioteca\src\main\java\tcc\legado\ejb\usuario\UsuarioEJB.java,tcc.legado.ejb.usuario.UsuarioEJB,class,6,6,0,6,10,1,0,10,0,0.0,1.0,1.0,6,0,6,0,0,0,6,0,0,0,1,0,0,1,0,0,0,0,0,30,3,0,3,0,0,3,0,0,0,1,1,0,0,0,22,1,0
C:\desenvolvimento\tcc-legado\monolito-biblioteca\src\main\java\tcc\legado\model\Emprestimo.java,tcc.legado.model.Emprestimo,class,0,6,6,0,14,1,0,0,77,0.85714287,0.07692308,0.07692308,14,0,14,0,0,0,14,0,0,0,7,0,0,7,0,0,0,0,0,51,7,0,0,0,0,0,0,7,0,7,0,0,0,0,17,1,0
C:\desenvolvimento\tcc-legado\monolito-biblioteca\src\main\java\tcc\legado\dao\LivroDAO.java,tcc.legado.dao.LivroDAO,class,3,7,4,3,16,1,0,35,15,0.0,0.0,0.0,6,0,5,1,0,0,5,0,0,0,0,0,0,0,0,0,0,0,2,103,4,1,1,6,0,26,17,22,2,22,2,0,0,0,62,1,0
C:\desenvolvimento\tcc-legado\monolito-biblioteca\src\main\java\tcc\legado\job\AtualizarMaisEmprestadosJob.java,tcc.legado.job.AtualizarMaisEmprestadosJob,class,7,9,2,7,4,1,0,27,0,0.0,NaN,NaN,1,0,1,0,0,0,1,0,0,0,1,1,0,1,0,0,1,0,2,49,1,1,0,1,0,12,11,8,5,8,2,0,0,0,41,1,5
