file,class,method,variable,usage
C:\desenvolvimento\tcc-legado\monolito-biblioteca\src\main\java\tcc\legado\util\FeriadoClient.java,tcc.legado.util.FeriadoClient,buscarFeriados/1[int],API_URL,1
C:\desenvolvimento\tcc-legado\monolito-biblioteca\src\main\java\tcc\legado\util\FeriadoClient.java,tcc.legado.util.FeriadoClient,buscarFeriados/1[int],LOG,2
C:\desenvolvimento\tcc-legado\monolito-biblioteca\src\main\java\tcc\legado\model\Perfil.java,tcc.legado.model.Perfil,getPermissoes/0,permissoes,1
C:\desenvolvimento\tcc-legado\monolito-biblioteca\src\main\java\tcc\legado\model\Perfil.java,tcc.legado.model.Perfil,getNome/0,nome,1
C:\desenvolvimento\tcc-legado\monolito-biblioteca\src\main\java\tcc\legado\model\Perfil.java,tcc.legado.model.Perfil,setNome/1[java.lang.String],nome,3
C:\desenvolvimento\tcc-legado\monolito-biblioteca\src\main\java\tcc\legado\model\Perfil.java,tcc.legado.model.Perfil,setPermissoes/1[java.util.Set<java.lang.String>],permissoes,3
C:\desenvolvimento\tcc-legado\monolito-biblioteca\src\main\java\tcc\legado\util\PerfisWrapper.java,tcc.legado.util.PerfisWrapper,setPerfis/1[java.util.List<tcc.legado.model.Perfil>],perfis,3
C:\desenvolvimento\tcc-legado\monolito-biblioteca\src\main\java\tcc\legado\util\PerfisWrapper.java,tcc.legado.util.PerfisWrapper,carregarPerfis/0,cache,3
C:\desenvolvimento\tcc-legado\monolito-biblioteca\src\main\java\tcc\legado\util\PerfisWrapper.java,tcc.legado.util.PerfisWrapper,getPerfis/0,perfis,1
C:\desenvolvimento\tcc-legado\monolito-biblioteca\src\main\java\tcc\legado\ejb\emprestimo\EmprestimoEJB.java,tcc.legado.ejb.emprestimo.EmprestimoEJB,registrarDevolucao/1[java.lang.Long],emprestimoService,1
C:\desenvolvimento\tcc-legado\monolito-biblioteca\src\main\java\tcc\legado\ejb\emprestimo\EmprestimoEJB.java,tcc.legado.ejb.emprestimo.EmprestimoEJB,buscarPorId/1[java.lang.Long],emprestimoService,1
C:\desenvolvimento\tcc-legado\monolito-biblioteca\src\main\java\tcc\legado\ejb\emprestimo\EmprestimoEJB.java,tcc.legado.ejb.emprestimo.EmprestimoEJB,buscarAtrasados/0,emprestimoService,1
C:\desenvolvimento\tcc-legado\monolito-biblioteca\src\main\java\tcc\legado\ejb\emprestimo\EmprestimoEJB.java,tcc.legado.ejb.emprestimo.EmprestimoEJB,atualizarMultasAtrasadas/0,emprestimoService,1
C:\desenvolvimento\tcc-legado\monolito-biblioteca\src\main\java\tcc\legado\ejb\emprestimo\EmprestimoEJB.java,tcc.legado.ejb.emprestimo.EmprestimoEJB,listarTodos/0,emprestimoService,1
C:\desenvolvimento\tcc-legado\monolito-biblioteca\src\main\java\tcc\legado\ejb\emprestimo\EmprestimoEJB.java,tcc.legado.ejb.emprestimo.EmprestimoEJB,"criarEmprestimo/2[java.lang.Long,java.lang.String]",emprestimoService,1
C:\desenvolvimento\tcc-legado\monolito-biblioteca\src\main\java\tcc\legado\model\Livro.java,tcc.legado.model.Livro,getTitulo/0,titulo,1
C:\desenvolvimento\tcc-legado\monolito-biblioteca\src\main\java\tcc\legado\model\Livro.java,tcc.legado.model.Livro,setAno/1[java.lang.Integer],ano,3
C:\desenvolvimento\tcc-legado\monolito-biblioteca\src\main\java\tcc\legado\model\Livro.java,tcc.legado.model.Livro,getId/0,id,1
C:\desenvolvimento\tcc-legado\monolito-biblioteca\src\main\java\tcc\legado\model\Livro.java,tcc.legado.model.Livro,setId/1[java.lang.Long],id,3
C:\desenvolvimento\tcc-legado\monolito-biblioteca\src\main\java\tcc\legado\model\Livro.java,tcc.legado.model.Livro,setTitulo/1[java.lang.String],titulo,3
C:\desenvolvimento\tcc-legado\monolito-biblioteca\src\main\java\tcc\legado\model\Livro.java,tcc.legado.model.Livro,setEditora/1[java.lang.String],editora,3
C:\desenvolvimento\tcc-legado\monolito-biblioteca\src\main\java\tcc\legado\model\Livro.java,tcc.legado.model.Livro,getAutor/0,autor,1
C:\desenvolvimento\tcc-legado\monolito-biblioteca\src\main\java\tcc\legado\model\Livro.java,tcc.legado.model.Livro,setIsbn/1[java.lang.String],isbn,3
C:\desenvolvimento\tcc-legado\monolito-biblioteca\src\main\java\tcc\legado\model\Livro.java,tcc.legado.model.Livro,getAno/0,ano,1
C:\desenvolvimento\tcc-legado\monolito-biblioteca\src\main\java\tcc\legado\model\Livro.java,tcc.legado.model.Livro,setAutor/1[java.lang.String],autor,3
C:\desenvolvimento\tcc-legado\monolito-biblioteca\src\main\java\tcc\legado\model\Livro.java,tcc.legado.model.Livro,getIsbn/0,isbn,1
C:\desenvolvimento\tcc-legado\monolito-biblioteca\src\main\java\tcc\legado\model\Livro.java,tcc.legado.model.Livro,setQuantidade/1[java.lang.Integer],quantidade,3
C:\desenvolvimento\tcc-legado\monolito-biblioteca\src\main\java\tcc\legado\model\Livro.java,tcc.legado.model.Livro,getEditora/0,editora,1
C:\desenvolvimento\tcc-legado\monolito-biblioteca\src\main\java\tcc\legado\model\Livro.java,tcc.legado.model.Livro,getQuantidade/0,quantidade,1
C:\desenvolvimento\tcc-legado\monolito-biblioteca\src\main\java\tcc\legado\service\LivroService.java,tcc.legado.service.LivroService,salvar/1[tcc.legado.model.Livro],LOG,1
C:\desenvolvimento\tcc-legado\monolito-biblioteca\src\main\java\tcc\legado\service\LivroService.java,tcc.legado.service.LivroService,salvar/1[tcc.legado.model.Livro],livroDAO,1
C:\desenvolvimento\tcc-legado\monolito-biblioteca\src\main\java\tcc\legado\service\LivroService.java,tcc.legado.service.LivroService,listarTodos/0,livroDAO,1
C:\desenvolvimento\tcc-legado\monolito-biblioteca\src\main\java\tcc\legado\service\LivroService.java,tcc.legado.service.LivroService,getEmprestimoService/0,LOG,1
C:\desenvolvimento\tcc-legado\monolito-biblioteca\src\main\java\tcc\legado\service\LivroService.java,tcc.legado.service.LivroService,buscarPorId/1[java.lang.Long],livroDAO,1
C:\desenvolvimento\tcc-legado\monolito-biblioteca\src\main\java\tcc\legado\service\LivroService.java,tcc.legado.service.LivroService,atualizar/1[tcc.legado.model.Livro],LOG,2
C:\desenvolvimento\tcc-legado\monolito-biblioteca\src\main\java\tcc\legado\service\LivroService.java,tcc.legado.service.LivroService,atualizar/1[tcc.legado.model.Livro],livroDAO,2
C:\desenvolvimento\tcc-legado\monolito-biblioteca\src\main\java\tcc\legado\service\LivroService.java,tcc.legado.service.LivroService,excluir/1[java.lang.Long],LOG,1
C:\desenvolvimento\tcc-legado\monolito-biblioteca\src\main\java\tcc\legado\service\LivroService.java,tcc.legado.service.LivroService,excluir/1[java.lang.Long],livroDAO,2
C:\desenvolvimento\tcc-legado\monolito-biblioteca\src\main\java\tcc\legado\service\UsuarioService.java,tcc.legado.service.UsuarioService,atualizar/1[tcc.legado.model.Usuario],usuarioDAO,2
C:\desenvolvimento\tcc-legado\monolito-biblioteca\src\main\java\tcc\legado\service\UsuarioService.java,tcc.legado.service.UsuarioService,buscarPorMatricula/1[java.lang.String],usuarioDAO,1
C:\desenvolvimento\tcc-legado\monolito-biblioteca\src\main\java\tcc\legado\service\UsuarioService.java,tcc.legado.service.UsuarioService,listarTodos/0,usuarioDAO,1
C:\desenvolvimento\tcc-legado\monolito-biblioteca\src\main\java\tcc\legado\service\UsuarioService.java,tcc.legado.service.UsuarioService,salvar/1[tcc.legado.model.Usuario],usuarioDAO,2
C:\desenvolvimento\tcc-legado\monolito-biblioteca\src\main\java\tcc\legado\service\UsuarioService.java,tcc.legado.service.UsuarioService,buscarPorId/1[java.lang.Long],usuarioDAO,1
C:\desenvolvimento\tcc-legado\monolito-biblioteca\src\main\java\tcc\legado\service\UsuarioService.java,tcc.legado.service.UsuarioService,excluir/1[java.lang.Long],usuarioDAO,2
C:\desenvolvimento\tcc-legado\monolito-biblioteca\src\main\java\tcc\legado\ejb\destaque\LivroDestaqueEJB.java,tcc.legado.ejb.destaque.LivroDestaqueEJB,listarTodos/0,service,1
C:\desenvolvimento\tcc-legado\monolito-biblioteca\src\main\java\tcc\legado\ejb\destaque\LivroDestaqueEJB.java,tcc.legado.ejb.destaque.LivroDestaqueEJB,buscarPorId/1[java.lang.Long],service,1
C:\desenvolvimento\tcc-legado\monolito-biblioteca\src\main\java\tcc\legado\ejb\destaque\LivroDestaqueEJB.java,tcc.legado.ejb.destaque.LivroDestaqueEJB,salvar/1[tcc.legado.model.LivroDestaque],service,1
C:\desenvolvimento\tcc-legado\monolito-biblioteca\src\main\java\tcc\legado\ejb\destaque\LivroDestaqueEJB.java,tcc.legado.ejb.destaque.LivroDestaqueEJB,excluir/1[java.lang.Long],service,1
C:\desenvolvimento\tcc-legado\monolito-biblioteca\src\main\java\tcc\legado\ejb\destaque\LivroDestaqueEJB.java,tcc.legado.ejb.destaque.LivroDestaqueEJB,listarAtivos/0,service,1
C:\desenvolvimento\tcc-legado\monolito-biblioteca\src\main\java\tcc\legado\ejb\destaque\LivroDestaqueEJB.java,tcc.legado.ejb.destaque.LivroDestaqueEJB,visualizar/1[java.lang.Long],service,1
C:\desenvolvimento\tcc-legado\monolito-biblioteca\src\main\java\tcc\legado\ejb\destaque\LivroDestaqueEJB.java,tcc.legado.ejb.destaque.LivroDestaqueEJB,atualizar/1[tcc.legado.model.LivroDestaque],service,1
C:\desenvolvimento\tcc-legado\monolito-biblioteca\src\main\java\tcc\legado\model\LivroDestaque.java,tcc.legado.model.LivroDestaque,getDataFim/0,dataFim,1
C:\desenvolvimento\tcc-legado\monolito-biblioteca\src\main\java\tcc\legado\model\LivroDestaque.java,tcc.legado.model.LivroDestaque,setIdLivro/1[java.lang.Long],idLivro,3
C:\desenvolvimento\tcc-legado\monolito-biblioteca\src\main\java\tcc\legado\model\LivroDestaque.java,tcc.legado.model.LivroDestaque,getId/0,id,1
C:\desenvolvimento\tcc-legado\monolito-biblioteca\src\main\java\tcc\legado\model\LivroDestaque.java,tcc.legado.model.LivroDestaque,setVisualizacoes/1[java.lang.Integer],visualizacoes,3
C:\desenvolvimento\tcc-legado\monolito-biblioteca\src\main\java\tcc\legado\model\LivroDestaque.java,tcc.legado.model.LivroDestaque,setAtivo/1[java.lang.Boolean],ativo,3
C:\desenvolvimento\tcc-legado\monolito-biblioteca\src\main\java\tcc\legado\model\LivroDestaque.java,tcc.legado.model.LivroDestaque,setDescricao/1[java.lang.String],descricao,3
C:\desenvolvimento\tcc-legado\monolito-biblioteca\src\main\java\tcc\legado\model\LivroDestaque.java,tcc.legado.model.LivroDestaque,setCategoria/1[java.lang.String],categoria,3
C:\desenvolvimento\tcc-legado\monolito-biblioteca\src\main\java\tcc\legado\model\LivroDestaque.java,tcc.legado.model.LivroDestaque,getTitulo/0,titulo,1
C:\desenvolvimento\tcc-legado\monolito-biblioteca\src\main\java\tcc\legado\model\LivroDestaque.java,tcc.legado.model.LivroDestaque,setTitulo/1[java.lang.String],titulo,3
C:\desenvolvimento\tcc-legado\monolito-biblioteca\src\main\java\tcc\legado\model\LivroDestaque.java,tcc.legado.model.LivroDestaque,getCategoria/0,categoria,1
C:\desenvolvimento\tcc-legado\monolito-biblioteca\src\main\java\tcc\legado\model\LivroDestaque.java,tcc.legado.model.LivroDestaque,getVisualizacoes/0,visualizacoes,1
C:\desenvolvimento\tcc-legado\monolito-biblioteca\src\main\java\tcc\legado\model\LivroDestaque.java,tcc.legado.model.LivroDestaque,getDescricao/0,descricao,1
C:\desenvolvimento\tcc-legado\monolito-biblioteca\src\main\java\tcc\legado\model\LivroDestaque.java,tcc.legado.model.LivroDestaque,getAtivo/0,ativo,1
C:\desenvolvimento\tcc-legado\monolito-biblioteca\src\main\java\tcc\legado\model\LivroDestaque.java,tcc.legado.model.LivroDestaque,setDesconto/1[java.lang.Double],desconto,3
C:\desenvolvimento\tcc-legado\monolito-biblioteca\src\main\java\tcc\legado\model\LivroDestaque.java,tcc.legado.model.LivroDestaque,getDesconto/0,desconto,1
C:\desenvolvimento\tcc-legado\monolito-biblioteca\src\main\java\tcc\legado\model\LivroDestaque.java,tcc.legado.model.LivroDestaque,setDataInicio/1[java.util.Date],dataInicio,3
C:\desenvolvimento\tcc-legado\monolito-biblioteca\src\main\java\tcc\legado\model\LivroDestaque.java,tcc.legado.model.LivroDestaque,setDataFim/1[java.util.Date],dataFim,3
C:\desenvolvimento\tcc-legado\monolito-biblioteca\src\main\java\tcc\legado\model\LivroDestaque.java,tcc.legado.model.LivroDestaque,setId/1[java.lang.Long],id,3
C:\desenvolvimento\tcc-legado\monolito-biblioteca\src\main\java\tcc\legado\model\LivroDestaque.java,tcc.legado.model.LivroDestaque,"LivroDestaque/4[java.lang.Long,java.lang.String,java.lang.String,java.lang.Double]",ativo,1
C:\desenvolvimento\tcc-legado\monolito-biblioteca\src\main\java\tcc\legado\model\LivroDestaque.java,tcc.legado.model.LivroDestaque,"LivroDestaque/4[java.lang.Long,java.lang.String,java.lang.String,java.lang.Double]",desconto,3
C:\desenvolvimento\tcc-legado\monolito-biblioteca\src\main\java\tcc\legado\model\LivroDestaque.java,tcc.legado.model.LivroDestaque,"LivroDestaque/4[java.lang.Long,java.lang.String,java.lang.String,java.lang.Double]",visualizacoes,1
C:\desenvolvimento\tcc-legado\monolito-biblioteca\src\main\java\tcc\legado\model\LivroDestaque.java,tcc.legado.model.LivroDestaque,"LivroDestaque/4[java.lang.Long,java.lang.String,java.lang.String,java.lang.Double]",idLivro,3
C:\desenvolvimento\tcc-legado\monolito-biblioteca\src\main\java\tcc\legado\model\LivroDestaque.java,tcc.legado.model.LivroDestaque,"LivroDestaque/4[java.lang.Long,java.lang.String,java.lang.String,java.lang.Double]",titulo,3
C:\desenvolvimento\tcc-legado\monolito-biblioteca\src\main\java\tcc\legado\model\LivroDestaque.java,tcc.legado.model.LivroDestaque,"LivroDestaque/4[java.lang.Long,java.lang.String,java.lang.String,java.lang.Double]",descricao,3
C:\desenvolvimento\tcc-legado\monolito-biblioteca\src\main\java\tcc\legado\model\LivroDestaque.java,tcc.legado.model.LivroDestaque,getIdLivro/0,idLivro,1
C:\desenvolvimento\tcc-legado\monolito-biblioteca\src\main\java\tcc\legado\model\LivroDestaque.java,tcc.legado.model.LivroDestaque,getDataInicio/0,dataInicio,1
C:\desenvolvimento\tcc-legado\monolito-biblioteca\src\main\java\tcc\legado\model\Usuario.java,tcc.legado.model.Usuario,setNome/1[java.lang.String],nome,3
C:\desenvolvimento\tcc-legado\monolito-biblioteca\src\main\java\tcc\legado\model\Usuario.java,tcc.legado.model.Usuario,setEmail/1[java.lang.String],email,3
C:\desenvolvimento\tcc-legado\monolito-biblioteca\src\main\java\tcc\legado\model\Usuario.java,tcc.legado.model.Usuario,getTipo/0,tipo,1
C:\desenvolvimento\tcc-legado\monolito-biblioteca\src\main\java\tcc\legado\model\Usuario.java,tcc.legado.model.Usuario,setId/1[java.lang.Long],id,3
C:\desenvolvimento\tcc-legado\monolito-biblioteca\src\main\java\tcc\legado\model\Usuario.java,tcc.legado.model.Usuario,"Usuario/5[java.lang.Long,java.lang.String,java.lang.String,java.lang.String,java.lang.String]",tipo,3
C:\desenvolvimento\tcc-legado\monolito-biblioteca\src\main\java\tcc\legado\model\Usuario.java,tcc.legado.model.Usuario,"Usuario/5[java.lang.Long,java.lang.String,java.lang.String,java.lang.String,java.lang.String]",matricula,3
C:\desenvolvimento\tcc-legado\monolito-biblioteca\src\main\java\tcc\legado\model\Usuario.java,tcc.legado.model.Usuario,"Usuario/5[java.lang.Long,java.lang.String,java.lang.String,java.lang.String,java.lang.String]",nome,3
C:\desenvolvimento\tcc-legado\monolito-biblioteca\src\main\java\tcc\legado\model\Usuario.java,tcc.legado.model.Usuario,"Usuario/5[java.lang.Long,java.lang.String,java.lang.String,java.lang.String,java.lang.String]",id,3
C:\desenvolvimento\tcc-legado\monolito-biblioteca\src\main\java\tcc\legado\model\Usuario.java,tcc.legado.model.Usuario,"Usuario/5[java.lang.Long,java.lang.String,java.lang.String,java.lang.String,java.lang.String]",email,3
C:\desenvolvimento\tcc-legado\monolito-biblioteca\src\main\java\tcc\legado\model\Usuario.java,tcc.legado.model.Usuario,setMatricula/1[java.lang.String],matricula,3
C:\desenvolvimento\tcc-legado\monolito-biblioteca\src\main\java\tcc\legado\model\Usuario.java,tcc.legado.model.Usuario,getId/0,id,1
C:\desenvolvimento\tcc-legado\monolito-biblioteca\src\main\java\tcc\legado\model\Usuario.java,tcc.legado.model.Usuario,getMatricula/0,matricula,1
C:\desenvolvimento\tcc-legado\monolito-biblioteca\src\main\java\tcc\legado\model\Usuario.java,tcc.legado.model.Usuario,toString/0,tipo,1
C:\desenvolvimento\tcc-legado\monolito-biblioteca\src\main\java\tcc\legado\model\Usuario.java,tcc.legado.model.Usuario,toString/0,matricula,1
C:\desenvolvimento\tcc-legado\monolito-biblioteca\src\main\java\tcc\legado\model\Usuario.java,tcc.legado.model.Usuario,toString/0,nome,1
C:\desenvolvimento\tcc-legado\monolito-biblioteca\src\main\java\tcc\legado\model\Usuario.java,tcc.legado.model.Usuario,toString/0,id,1
C:\desenvolvimento\tcc-legado\monolito-biblioteca\src\main\java\tcc\legado\model\Usuario.java,tcc.legado.model.Usuario,toString/0,email,1
C:\desenvolvimento\tcc-legado\monolito-biblioteca\src\main\java\tcc\legado\model\Usuario.java,tcc.legado.model.Usuario,toString/0,perfil,1
C:\desenvolvimento\tcc-legado\monolito-biblioteca\src\main\java\tcc\legado\model\Usuario.java,tcc.legado.model.Usuario,getPerfil/0,perfil,1
C:\desenvolvimento\tcc-legado\monolito-biblioteca\src\main\java\tcc\legado\model\Usuario.java,tcc.legado.model.Usuario,getNome/0,nome,1
C:\desenvolvimento\tcc-legado\monolito-biblioteca\src\main\java\tcc\legado\model\Usuario.java,tcc.legado.model.Usuario,setPerfil/1[java.lang.String],perfil,3
C:\desenvolvimento\tcc-legado\monolito-biblioteca\src\main\java\tcc\legado\model\Usuario.java,tcc.legado.model.Usuario,getEmail/0,email,1
C:\desenvolvimento\tcc-legado\monolito-biblioteca\src\main\java\tcc\legado\model\Usuario.java,tcc.legado.model.Usuario,setTipo/1[java.lang.String],tipo,3
C:\desenvolvimento\tcc-legado\monolito-biblioteca\src\main\java\tcc\legado\util\CacheGlobal.java,tcc.legado.util.CacheGlobal,get/1[java.lang.String],CACHE,2
C:\desenvolvimento\tcc-legado\monolito-biblioteca\src\main\java\tcc\legado\util\CacheGlobal.java,tcc.legado.util.CacheGlobal,"put/2[java.lang.String,java.lang.Object]",CACHE,2
C:\desenvolvimento\tcc-legado\monolito-biblioteca\src\main\java\tcc\legado\ejb\livro\LivroEJB.java,tcc.legado.ejb.livro.LivroEJB,listarTodos/0,livroService,1
C:\desenvolvimento\tcc-legado\monolito-biblioteca\src\main\java\tcc\legado\ejb\livro\LivroEJB.java,tcc.legado.ejb.livro.LivroEJB,buscarPorId/1[java.lang.Long],livroService,1
C:\desenvolvimento\tcc-legado\monolito-biblioteca\src\main\java\tcc\legado\ejb\livro\LivroEJB.java,tcc.legado.ejb.livro.LivroEJB,atualizar/1[tcc.legado.model.Livro],livroService,1
C:\desenvolvimento\tcc-legado\monolito-biblioteca\src\main\java\tcc\legado\ejb\livro\LivroEJB.java,tcc.legado.ejb.livro.LivroEJB,excluir/1[java.lang.Long],livroService,1
C:\desenvolvimento\tcc-legado\monolito-biblioteca\src\main\java\tcc\legado\ejb\livro\LivroEJB.java,tcc.legado.ejb.livro.LivroEJB,salvar/1[tcc.legado.model.Livro],livroService,1
C:\desenvolvimento\tcc-legado\monolito-biblioteca\src\main\java\tcc\legado\job\QuartzInitializer.java,tcc.legado.job.QuartzInitializer,agendarJobs/1[tcc.legado.job.Scheduler],LOG,1
C:\desenvolvimento\tcc-legado\monolito-biblioteca\src\main\java\tcc\legado\job\QuartzInitializer.java,tcc.legado.job.QuartzInitializer,init/0,LOG,3
C:\desenvolvimento\tcc-legado\monolito-biblioteca\src\main\java\tcc\legado\ejb\auth\AuthEJB.java,tcc.legado.ejb.auth.AuthEJB,"autenticar/2[java.lang.String,java.lang.String]",authService,1
C:\desenvolvimento\tcc-legado\monolito-biblioteca\src\main\java\tcc\legado\service\LivroDestaqueService.java,tcc.legado.service.LivroDestaqueService,atualizar/1[tcc.legado.model.LivroDestaque],dao,1
C:\desenvolvimento\tcc-legado\monolito-biblioteca\src\main\java\tcc\legado\service\LivroDestaqueService.java,tcc.legado.service.LivroDestaqueService,listarAtivos/0,dao,1
C:\desenvolvimento\tcc-legado\monolito-biblioteca\src\main\java\tcc\legado\service\LivroDestaqueService.java,tcc.legado.service.LivroDestaqueService,listarTodos/0,dao,1
C:\desenvolvimento\tcc-legado\monolito-biblioteca\src\main\java\tcc\legado\service\LivroDestaqueService.java,tcc.legado.service.LivroDestaqueService,salvar/1[tcc.legado.model.LivroDestaque],dao,1
C:\desenvolvimento\tcc-legado\monolito-biblioteca\src\main\java\tcc\legado\service\LivroDestaqueService.java,tcc.legado.service.LivroDestaqueService,excluir/1[java.lang.Long],dao,1
C:\desenvolvimento\tcc-legado\monolito-biblioteca\src\main\java\tcc\legado\service\LivroDestaqueService.java,tcc.legado.service.LivroDestaqueService,buscarPorId/1[java.lang.Long],dao,1
C:\desenvolvimento\tcc-legado\monolito-biblioteca\src\main\java\tcc\legado\service\LivroDestaqueService.java,tcc.legado.service.LivroDestaqueService,visualizar/1[java.lang.Long],dao,1
C:\desenvolvimento\tcc-legado\monolito-biblioteca\src\main\java\tcc\legado\service\AuthService.java,tcc.legado.service.AuthService,"autenticar/2[java.lang.String,java.lang.String]",authDAO,1
C:\desenvolvimento\tcc-legado\monolito-biblioteca\src\main\java\tcc\legado\model\UsuarioAuth.java,tcc.legado.model.UsuarioAuth,getMatricula/0,matricula,1
C:\desenvolvimento\tcc-legado\monolito-biblioteca\src\main\java\tcc\legado\model\UsuarioAuth.java,tcc.legado.model.UsuarioAuth,setSenha/1[java.lang.String],senha,3
C:\desenvolvimento\tcc-legado\monolito-biblioteca\src\main\java\tcc\legado\model\UsuarioAuth.java,tcc.legado.model.UsuarioAuth,getPerfil/0,perfil,1
C:\desenvolvimento\tcc-legado\monolito-biblioteca\src\main\java\tcc\legado\model\UsuarioAuth.java,tcc.legado.model.UsuarioAuth,getSenha/0,senha,1
C:\desenvolvimento\tcc-legado\monolito-biblioteca\src\main\java\tcc\legado\model\UsuarioAuth.java,tcc.legado.model.UsuarioAuth,"UsuarioAuth/3[java.lang.String,java.lang.String,java.lang.String]",senha,3
C:\desenvolvimento\tcc-legado\monolito-biblioteca\src\main\java\tcc\legado\model\UsuarioAuth.java,tcc.legado.model.UsuarioAuth,"UsuarioAuth/3[java.lang.String,java.lang.String,java.lang.String]",matricula,3
C:\desenvolvimento\tcc-legado\monolito-biblioteca\src\main\java\tcc\legado\model\UsuarioAuth.java,tcc.legado.model.UsuarioAuth,"UsuarioAuth/3[java.lang.String,java.lang.String,java.lang.String]",perfil,3
C:\desenvolvimento\tcc-legado\monolito-biblioteca\src\main\java\tcc\legado\model\UsuarioAuth.java,tcc.legado.model.UsuarioAuth,setPerfil/1[java.lang.String],perfil,3
C:\desenvolvimento\tcc-legado\monolito-biblioteca\src\main\java\tcc\legado\model\UsuarioAuth.java,tcc.legado.model.UsuarioAuth,setMatricula/1[java.lang.String],matricula,3
C:\desenvolvimento\tcc-legado\monolito-biblioteca\src\main\java\tcc\legado\action\LivroDestaqueAction.java,tcc.legado.action.LivroDestaqueAction,"excluir/4[tcc.legado.action.ActionMapping,tcc.legado.action.ActionForm,tcc.legado.action.HttpServletRequest,tcc.legado.action.HttpServletResponse]",dao,1
C:\desenvolvimento\tcc-legado\monolito-biblioteca\src\main\java\tcc\legado\action\LivroDestaqueAction.java,tcc.legado.action.LivroDestaqueAction,"visualizar/4[tcc.legado.action.ActionMapping,tcc.legado.action.ActionForm,tcc.legado.action.HttpServletRequest,tcc.legado.action.HttpServletResponse]",dao,2
C:\desenvolvimento\tcc-legado\monolito-biblioteca\src\main\java\tcc\legado\action\LivroDestaqueAction.java,tcc.legado.action.LivroDestaqueAction,"salvar/4[tcc.legado.action.ActionMapping,tcc.legado.action.ActionForm,tcc.legado.action.HttpServletRequest,tcc.legado.action.HttpServletResponse]",dao,2
C:\desenvolvimento\tcc-legado\monolito-biblioteca\src\main\java\tcc\legado\action\LivroDestaqueAction.java,tcc.legado.action.LivroDestaqueAction,"listar/4[tcc.legado.action.ActionMapping,tcc.legado.action.ActionForm,tcc.legado.action.HttpServletRequest,tcc.legado.action.HttpServletResponse]",dao,3
C:\desenvolvimento\tcc-legado\monolito-biblioteca\src\main\java\tcc\legado\action\LivroDestaqueAction.java,tcc.legado.action.LivroDestaqueAction,"editar/4[tcc.legado.action.ActionMapping,tcc.legado.action.ActionForm,tcc.legado.action.HttpServletRequest,tcc.legado.action.HttpServletResponse]",dao,1
C:\desenvolvimento\tcc-legado\monolito-biblioteca\src\main\java\tcc\legado\job\MultaDiariaJob.java,tcc.legado.job.MultaDiariaJob,execute/1[tcc.legado.job.JobExecutionContext],LOG,3
C:\desenvolvimento\tcc-legado\monolito-biblioteca\src\main\java\tcc\legado\service\EmprestimoService.java,tcc.legado.service.EmprestimoService,"calcularMulta/3[tcc.legado.model.Emprestimo,java.lang.String,java.time.LocalDate]",LOG,2
C:\desenvolvimento\tcc-legado\monolito-biblioteca\src\main\java\tcc\legado\service\EmprestimoService.java,tcc.legado.service.EmprestimoService,registrarDevolucao/1[java.lang.Long],emprestimoDAO,2
C:\desenvolvimento\tcc-legado\monolito-biblioteca\src\main\java\tcc\legado\service\EmprestimoService.java,tcc.legado.service.EmprestimoService,registrarDevolucao/1[java.lang.Long],LOG,1
C:\desenvolvimento\tcc-legado\monolito-biblioteca\src\main\java\tcc\legado\service\EmprestimoService.java,tcc.legado.service.EmprestimoService,registrarDevolucao/1[java.lang.Long],usuarioDAO,1
C:\desenvolvimento\tcc-legado\monolito-biblioteca\src\main\java\tcc\legado\service\EmprestimoService.java,tcc.legado.service.EmprestimoService,registrarDevolucao/1[java.lang.Long],livroDAO,2
C:\desenvolvimento\tcc-legado\monolito-biblioteca\src\main\java\tcc\legado\service\EmprestimoService.java,tcc.legado.service.EmprestimoService,buscarAtrasados/0,emprestimoDAO,1
C:\desenvolvimento\tcc-legado\monolito-biblioteca\src\main\java\tcc\legado\service\EmprestimoService.java,tcc.legado.service.EmprestimoService,buscarPorId/1[java.lang.Long],emprestimoDAO,1
C:\desenvolvimento\tcc-legado\monolito-biblioteca\src\main\java\tcc\legado\service\EmprestimoService.java,tcc.legado.service.EmprestimoService,"criarEmprestimo/2[java.lang.Long,java.lang.String]",emprestimoDAO,1
C:\desenvolvimento\tcc-legado\monolito-biblioteca\src\main\java\tcc\legado\service\EmprestimoService.java,tcc.legado.service.EmprestimoService,"criarEmprestimo/2[java.lang.Long,java.lang.String]",LOG,1
C:\desenvolvimento\tcc-legado\monolito-biblioteca\src\main\java\tcc\legado\service\EmprestimoService.java,tcc.legado.service.EmprestimoService,"criarEmprestimo/2[java.lang.Long,java.lang.String]",usuarioDAO,1
C:\desenvolvimento\tcc-legado\monolito-biblioteca\src\main\java\tcc\legado\service\EmprestimoService.java,tcc.legado.service.EmprestimoService,"criarEmprestimo/2[java.lang.Long,java.lang.String]",livroService,1
C:\desenvolvimento\tcc-legado\monolito-biblioteca\src\main\java\tcc\legado\service\EmprestimoService.java,tcc.legado.service.EmprestimoService,"criarEmprestimo/2[java.lang.Long,java.lang.String]",livroDAO,2
C:\desenvolvimento\tcc-legado\monolito-biblioteca\src\main\java\tcc\legado\service\EmprestimoService.java,tcc.legado.service.EmprestimoService,atualizarMultasAtrasadas/0,emprestimoDAO,2
C:\desenvolvimento\tcc-legado\monolito-biblioteca\src\main\java\tcc\legado\service\EmprestimoService.java,tcc.legado.service.EmprestimoService,atualizarMultasAtrasadas/0,usuarioDAO,1
C:\desenvolvimento\tcc-legado\monolito-biblioteca\src\main\java\tcc\legado\service\EmprestimoService.java,tcc.legado.service.EmprestimoService,listarTodos/0,emprestimoDAO,1
C:\desenvolvimento\tcc-legado\monolito-biblioteca\src\main\java\tcc\legado\service\EmprestimoService.java,tcc.legado.service.EmprestimoService,calcularDataPrevistaComFeriados/1[int],LOG,2
C:\desenvolvimento\tcc-legado\monolito-biblioteca\src\main\java\tcc\legado\ejb\usuario\UsuarioEJB.java,tcc.legado.ejb.usuario.UsuarioEJB,buscarPorId/1[java.lang.Long],usuarioService,1
C:\desenvolvimento\tcc-legado\monolito-biblioteca\src\main\java\tcc\legado\ejb\usuario\UsuarioEJB.java,tcc.legado.ejb.usuario.UsuarioEJB,atualizar/1[tcc.legado.model.Usuario],usuarioService,1
C:\desenvolvimento\tcc-legado\monolito-biblioteca\src\main\java\tcc\legado\ejb\usuario\UsuarioEJB.java,tcc.legado.ejb.usuario.UsuarioEJB,listarTodos/0,usuarioService,1
C:\desenvolvimento\tcc-legado\monolito-biblioteca\src\main\java\tcc\legado\ejb\usuario\UsuarioEJB.java,tcc.legado.ejb.usuario.UsuarioEJB,buscarPorMatricula/1[java.lang.String],usuarioService,1
C:\desenvolvimento\tcc-legado\monolito-biblioteca\src\main\java\tcc\legado\ejb\usuario\UsuarioEJB.java,tcc.legado.ejb.usuario.UsuarioEJB,salvar/1[tcc.legado.model.Usuario],usuarioService,1
C:\desenvolvimento\tcc-legado\monolito-biblioteca\src\main\java\tcc\legado\ejb\usuario\UsuarioEJB.java,tcc.legado.ejb.usuario.UsuarioEJB,excluir/1[java.lang.Long],usuarioService,1
C:\desenvolvimento\tcc-legado\monolito-biblioteca\src\main\java\tcc\legado\model\Emprestimo.java,tcc.legado.model.Emprestimo,setDataEmprestimo/1[java.util.Date],dataEmprestimo,3
C:\desenvolvimento\tcc-legado\monolito-biblioteca\src\main\java\tcc\legado\model\Emprestimo.java,tcc.legado.model.Emprestimo,setIdLivro/1[java.lang.Long],idLivro,3
C:\desenvolvimento\tcc-legado\monolito-biblioteca\src\main\java\tcc\legado\model\Emprestimo.java,tcc.legado.model.Emprestimo,getDataEmprestimo/0,dataEmprestimo,1
C:\desenvolvimento\tcc-legado\monolito-biblioteca\src\main\java\tcc\legado\model\Emprestimo.java,tcc.legado.model.Emprestimo,getDataDevolucaoReal/0,dataDevolucaoReal,1
C:\desenvolvimento\tcc-legado\monolito-biblioteca\src\main\java\tcc\legado\model\Emprestimo.java,tcc.legado.model.Emprestimo,setId/1[java.lang.Long],id,3
C:\desenvolvimento\tcc-legado\monolito-biblioteca\src\main\java\tcc\legado\model\Emprestimo.java,tcc.legado.model.Emprestimo,setMulta/1[java.lang.Double],multa,3
C:\desenvolvimento\tcc-legado\monolito-biblioteca\src\main\java\tcc\legado\model\Emprestimo.java,tcc.legado.model.Emprestimo,getId/0,id,1
C:\desenvolvimento\tcc-legado\monolito-biblioteca\src\main\java\tcc\legado\model\Emprestimo.java,tcc.legado.model.Emprestimo,setIdUsuario/1[java.lang.Long],idUsuario,3
C:\desenvolvimento\tcc-legado\monolito-biblioteca\src\main\java\tcc\legado\model\Emprestimo.java,tcc.legado.model.Emprestimo,getIdUsuario/0,idUsuario,1
C:\desenvolvimento\tcc-legado\monolito-biblioteca\src\main\java\tcc\legado\model\Emprestimo.java,tcc.legado.model.Emprestimo,getIdLivro/0,idLivro,1
C:\desenvolvimento\tcc-legado\monolito-biblioteca\src\main\java\tcc\legado\model\Emprestimo.java,tcc.legado.model.Emprestimo,getMulta/0,multa,1
C:\desenvolvimento\tcc-legado\monolito-biblioteca\src\main\java\tcc\legado\model\Emprestimo.java,tcc.legado.model.Emprestimo,getDataPrevistaDevolucao/0,dataPrevistaDevolucao,1
C:\desenvolvimento\tcc-legado\monolito-biblioteca\src\main\java\tcc\legado\model\Emprestimo.java,tcc.legado.model.Emprestimo,setDataPrevistaDevolucao/1[java.util.Date],dataPrevistaDevolucao,3
C:\desenvolvimento\tcc-legado\monolito-biblioteca\src\main\java\tcc\legado\model\Emprestimo.java,tcc.legado.model.Emprestimo,setDataDevolucaoReal/1[java.util.Date],dataDevolucaoReal,3
C:\desenvolvimento\tcc-legado\monolito-biblioteca\src\main\java\tcc\legado\job\AtualizarMaisEmprestadosJob.java,tcc.legado.job.AtualizarMaisEmprestadosJob,execute/1[tcc.legado.job.JobExecutionContext],LOG,7
