file,class,method,constructor,line,cbo,cboModified,fanin,fanout,wmc,rfc,loc,returnsQty,variablesQty,parametersQty,methodsInvokedQty,methodsInvokedLocalQty,methodsInvokedIndirectLocalQty,loopQty,comparisonsQty,tryCatchQty,parenthesizedExpsQty,stringLiteralsQty,numbersQty,assignmentsQty,mathOperationsQty,maxNestedBlocksQty,anonymousClassesQty,innerClassesQty,lambdasQty,uniqueWordsQty,modifiers,logStatementsQty,hasJavaDoc
C:\desenvolvimento\tcc-legado\monolito-biblioteca\src\main\java\tcc\legado\util\FeriadoClient.java,tcc.legado.util.FeriadoClient,buscarFeriados/1[int],false,22,4,2,2,0,4,23,29,2,12,1,23,0,0,1,1,1,0,9,4,11,3,3,0,0,1,42,9,1,false
C:\desenvolvimento\tcc-legado\monolito-biblioteca\src\main\java\tcc\legado\model\Perfil.java,tcc.legado.model.Perfil,getPermissoes/0,false,19,1,1,1,0,1,0,3,1,0,0,0,0,0,0,0,0,0,1,0,0,0,0,0,0,0,4,1,0,false
C:\desenvolvimento\tcc-legado\monolito-biblioteca\src\main\java\tcc\legado\model\Perfil.java,tcc.legado.model.Perfil,getNome/0,false,15,1,1,1,0,1,0,3,1,0,0,0,0,0,0,0,0,0,1,0,0,0,0,0,0,0,4,1,0,false
C:\desenvolvimento\tcc-legado\monolito-biblioteca\src\main\java\tcc\legado\model\Perfil.java,tcc.legado.model.Perfil,setNome/1[java.lang.String],false,16,0,0,0,0,1,0,3,0,0,1,0,0,0,0,0,0,0,0,0,1,0,0,0,0,0,3,1,0,false
C:\desenvolvimento\tcc-legado\monolito-biblioteca\src\main\java\tcc\legado\model\Perfil.java,tcc.legado.model.Perfil,setPermissoes/1[java.util.Set<java.lang.String>],false,20,0,0,0,0,1,0,3,0,0,1,0,0,0,0,0,0,0,0,0,1,0,0,0,0,0,3,1,0,false
C:\desenvolvimento\tcc-legado\monolito-biblioteca\src\main\java\tcc\legado\util\PerfisWrapper.java,tcc.legado.util.PerfisWrapper,setPerfis/1[java.util.List<tcc.legado.model.Perfil>],false,19,1,0,0,0,1,0,3,0,0,1,0,0,0,0,0,0,0,0,0,1,0,0,0,0,0,3,1,0,false
C:\desenvolvimento\tcc-legado\monolito-biblioteca\src\main\java\tcc\legado\util\PerfisWrapper.java,tcc.legado.util.PerfisWrapper,carregarPerfis/0,false,23,4,3,1,2,4,9,19,3,5,0,9,1,1,1,1,1,0,1,0,6,0,2,0,0,0,22,9,0,false
C:\desenvolvimento\tcc-legado\monolito-biblioteca\src\main\java\tcc\legado\util\PerfisWrapper.java,tcc.legado.util.PerfisWrapper,getPerfis/0,false,18,2,1,1,0,1,0,3,1,0,0,0,0,0,0,0,0,0,1,0,0,0,0,0,0,0,4,1,0,false
C:\desenvolvimento\tcc-legado\monolito-biblioteca\src\main\java\tcc\legado\ejb\emprestimo\EmprestimoEJB.java,tcc.legado.ejb.emprestimo.EmprestimoEJB,registrarDevolucao/1[java.lang.Long],false,33,2,1,0,1,3,1,6,0,0,1,1,0,0,0,1,0,0,1,1,0,0,1,0,0,0,8,1,0,false
C:\desenvolvimento\tcc-legado\monolito-biblioteca\src\main\java\tcc\legado\ejb\emprestimo\EmprestimoEJB.java,tcc.legado.ejb.emprestimo.EmprestimoEJB,buscarPorId/1[java.lang.Long],false,46,2,1,0,1,1,1,3,1,0,1,1,0,0,0,0,0,0,0,0,0,0,0,0,0,0,6,1,0,false
C:\desenvolvimento\tcc-legado\monolito-biblioteca\src\main\java\tcc\legado\ejb\emprestimo\EmprestimoEJB.java,tcc.legado.ejb.emprestimo.EmprestimoEJB,buscarAtrasados/0,false,51,2,1,0,1,1,1,3,1,0,0,1,0,0,0,0,0,0,0,0,0,0,0,0,0,0,2,1,0,false
C:\desenvolvimento\tcc-legado\monolito-biblioteca\src\main\java\tcc\legado\ejb\emprestimo\EmprestimoEJB.java,tcc.legado.ejb.emprestimo.EmprestimoEJB,atualizarMultasAtrasadas/0,false,56,1,1,0,1,1,1,3,0,0,0,1,0,0,0,0,0,0,0,0,0,0,0,0,0,0,3,1,0,false
C:\desenvolvimento\tcc-legado\monolito-biblioteca\src\main\java\tcc\legado\ejb\emprestimo\EmprestimoEJB.java,tcc.legado.ejb.emprestimo.EmprestimoEJB,listarTodos/0,false,41,2,1,0,1,1,1,3,1,0,0,1,0,0,0,0,0,0,0,0,0,0,0,0,0,0,2,1,0,false
C:\desenvolvimento\tcc-legado\monolito-biblioteca\src\main\java\tcc\legado\ejb\emprestimo\EmprestimoEJB.java,tcc.legado.ejb.emprestimo.EmprestimoEJB,"criarEmprestimo/2[java.lang.Long,java.lang.String]",false,20,3,1,0,1,5,3,9,1,0,2,3,0,0,0,2,0,0,2,1,0,0,1,0,0,0,10,1,0,false
C:\desenvolvimento\tcc-legado\monolito-biblioteca\src\main\java\tcc\legado\model\Livro.java,tcc.legado.model.Livro,getTitulo/0,false,18,0,8,8,0,1,0,3,1,0,0,0,0,0,0,0,0,0,0,0,0,0,0,0,0,0,3,1,0,false
C:\desenvolvimento\tcc-legado\monolito-biblioteca\src\main\java\tcc\legado\model\Livro.java,tcc.legado.model.Livro,setAno/1[java.lang.Integer],false,25,0,4,4,0,1,0,3,0,0,1,0,0,0,0,0,0,0,0,0,1,0,0,0,0,0,4,1,0,false
C:\desenvolvimento\tcc-legado\monolito-biblioteca\src\main\java\tcc\legado\model\Livro.java,tcc.legado.model.Livro,Livro/0,true,13,0,4,4,0,1,0,2,0,0,0,0,0,0,0,0,0,0,0,0,0,0,0,0,0,0,1,1,0,false
C:\desenvolvimento\tcc-legado\monolito-biblioteca\src\main\java\tcc\legado\model\Livro.java,tcc.legado.model.Livro,getId/0,false,16,0,6,6,0,1,0,3,1,0,0,0,0,0,0,0,0,0,0,0,0,0,0,0,0,0,4,1,0,false
C:\desenvolvimento\tcc-legado\monolito-biblioteca\src\main\java\tcc\legado\model\Livro.java,tcc.legado.model.Livro,setId/1[java.lang.Long],false,17,0,5,5,0,1,0,3,0,0,1,0,0,0,0,0,0,0,0,0,1,0,0,0,0,0,4,1,0,false
C:\desenvolvimento\tcc-legado\monolito-biblioteca\src\main\java\tcc\legado\model\Livro.java,tcc.legado.model.Livro,setTitulo/1[java.lang.String],false,19,0,4,4,0,1,0,3,0,0,1,0,0,0,0,0,0,0,0,0,1,0,0,0,0,0,3,1,0,false
C:\desenvolvimento\tcc-legado\monolito-biblioteca\src\main\java\tcc\legado\model\Livro.java,tcc.legado.model.Livro,setEditora/1[java.lang.String],false,27,0,4,4,0,1,0,3,0,0,1,0,0,0,0,0,0,0,0,0,1,0,0,0,0,0,3,1,0,false
C:\desenvolvimento\tcc-legado\monolito-biblioteca\src\main\java\tcc\legado\model\Livro.java,tcc.legado.model.Livro,getAutor/0,false,20,0,3,3,0,1,0,3,1,0,0,0,0,0,0,0,0,0,0,0,0,0,0,0,0,0,3,1,0,false
C:\desenvolvimento\tcc-legado\monolito-biblioteca\src\main\java\tcc\legado\model\Livro.java,tcc.legado.model.Livro,setIsbn/1[java.lang.String],false,23,0,4,4,0,1,0,3,0,0,1,0,0,0,0,0,0,0,0,0,1,0,0,0,0,0,3,1,0,false
C:\desenvolvimento\tcc-legado\monolito-biblioteca\src\main\java\tcc\legado\model\Livro.java,tcc.legado.model.Livro,getAno/0,false,24,0,2,2,0,1,0,3,1,0,0,0,0,0,0,0,0,0,0,0,0,0,0,0,0,0,4,1,0,false
C:\desenvolvimento\tcc-legado\monolito-biblioteca\src\main\java\tcc\legado\model\Livro.java,tcc.legado.model.Livro,setAutor/1[java.lang.String],false,21,0,4,4,0,1,0,3,0,0,1,0,0,0,0,0,0,0,0,0,1,0,0,0,0,0,3,1,0,false
C:\desenvolvimento\tcc-legado\monolito-biblioteca\src\main\java\tcc\legado\model\Livro.java,tcc.legado.model.Livro,getIsbn/0,false,22,0,4,4,0,1,0,3,1,0,0,0,0,0,0,0,0,0,0,0,0,0,0,0,0,0,3,1,0,false
C:\desenvolvimento\tcc-legado\monolito-biblioteca\src\main\java\tcc\legado\model\Livro.java,tcc.legado.model.Livro,setQuantidade/1[java.lang.Integer],false,29,0,6,6,0,1,0,3,0,0,1,0,0,0,0,0,0,0,0,0,1,0,0,0,0,0,4,1,0,false
C:\desenvolvimento\tcc-legado\monolito-biblioteca\src\main\java\tcc\legado\model\Livro.java,tcc.legado.model.Livro,getEditora/0,false,26,0,2,2,0,1,0,3,1,0,0,0,0,0,0,0,0,0,0,0,0,0,0,0,0,0,3,1,0,false
C:\desenvolvimento\tcc-legado\monolito-biblioteca\src\main\java\tcc\legado\model\Livro.java,tcc.legado.model.Livro,getQuantidade/0,false,28,0,6,6,0,1,0,3,1,0,0,0,0,0,0,0,0,0,0,0,0,0,0,0,0,0,4,1,0,false
C:\desenvolvimento\tcc-legado\monolito-biblioteca\src\main\java\tcc\legado\service\LivroService.java,tcc.legado.service.LivroService,salvar/1[tcc.legado.model.Livro],false,42,2,5,1,4,6,7,12,0,0,1,7,0,0,0,2,0,0,4,1,0,1,2,0,0,0,6,1,1,false
C:\desenvolvimento\tcc-legado\monolito-biblioteca\src\main\java\tcc\legado\service\LivroService.java,tcc.legado.service.LivroService,listarTodos/0,false,32,2,4,2,2,1,4,5,1,3,0,4,0,0,0,0,0,0,0,0,1,0,0,0,0,1,3,1,0,false
C:\desenvolvimento\tcc-legado\monolito-biblioteca\src\main\java\tcc\legado\service\LivroService.java,tcc.legado.service.LivroService,getEmprestimoService/0,false,22,1,1,1,0,2,3,10,1,1,0,3,0,0,0,0,1,0,3,0,1,1,1,0,0,0,14,2,0,false
C:\desenvolvimento\tcc-legado\monolito-biblioteca\src\main\java\tcc\legado\service\LivroService.java,tcc.legado.service.LivroService,buscarPorId/1[java.lang.Long],false,38,2,2,1,1,1,1,3,1,0,1,1,0,0,0,0,0,0,0,0,0,0,0,0,0,0,6,1,0,false
C:\desenvolvimento\tcc-legado\monolito-biblioteca\src\main\java\tcc\legado\service\LivroService.java,tcc.legado.service.LivroService,atualizar/1[tcc.legado.model.Livro],false,56,2,6,1,5,4,8,11,0,1,1,8,0,0,0,2,0,0,4,0,1,2,1,0,0,0,10,1,1,false
C:\desenvolvimento\tcc-legado\monolito-biblioteca\src\main\java\tcc\legado\service\LivroService.java,tcc.legado.service.LivroService,excluir/1[java.lang.Long],false,72,6,11,1,10,7,12,21,0,4,1,12,1,1,1,3,0,0,8,3,5,2,2,0,0,0,26,1,1,false
C:\desenvolvimento\tcc-legado\monolito-biblioteca\src\main\java\tcc\legado\util\HashUtil.java,tcc.legado.util.HashUtil,sha256/1[java.lang.String],false,9,1,2,2,0,4,8,16,1,4,1,8,0,0,1,1,1,0,2,2,4,0,3,0,0,0,17,9,0,false
C:\desenvolvimento\tcc-legado\monolito-biblioteca\src\main\java\tcc\legado\util\HashUtil.java,tcc.legado.util.HashUtil,main/1[java.lang.String[]],false,26,1,1,0,1,1,2,5,0,0,1,2,1,1,0,0,0,0,6,0,0,3,0,0,0,0,3,9,0,false
C:\desenvolvimento\tcc-legado\monolito-biblioteca\src\main\java\tcc\legado\service\UsuarioService.java,tcc.legado.service.UsuarioService,atualizar/1[tcc.legado.model.Usuario],false,42,2,5,1,4,3,5,10,0,1,1,5,0,0,0,1,0,0,2,0,1,0,1,0,0,0,9,1,0,false
C:\desenvolvimento\tcc-legado\monolito-biblioteca\src\main\java\tcc\legado\service\UsuarioService.java,tcc.legado.service.UsuarioService,buscarPorMatricula/1[java.lang.String],false,27,2,2,1,1,1,1,3,1,0,1,1,0,0,0,0,0,0,0,0,0,0,0,0,0,0,5,1,0,false
C:\desenvolvimento\tcc-legado\monolito-biblioteca\src\main\java\tcc\legado\service\UsuarioService.java,tcc.legado.service.UsuarioService,listarTodos/0,false,17,2,3,1,2,1,4,5,1,3,0,4,0,0,0,0,0,0,0,0,1,0,0,0,0,1,3,1,0,false
C:\desenvolvimento\tcc-legado\monolito-biblioteca\src\main\java\tcc\legado\service\UsuarioService.java,tcc.legado.service.UsuarioService,salvar/1[tcc.legado.model.Usuario],false,31,2,5,1,4,6,5,9,0,0,1,5,0,0,0,2,0,0,3,0,0,0,1,0,0,0,12,1,0,false
C:\desenvolvimento\tcc-legado\monolito-biblioteca\src\main\java\tcc\legado\service\UsuarioService.java,tcc.legado.service.UsuarioService,buscarPorId/1[java.lang.Long],false,23,2,2,1,1,1,1,3,1,0,1,1,0,0,0,0,0,0,0,0,0,0,0,0,0,0,6,1,0,false
C:\desenvolvimento\tcc-legado\monolito-biblioteca\src\main\java\tcc\legado\service\UsuarioService.java,tcc.legado.service.UsuarioService,excluir/1[java.lang.Long],false,53,2,3,1,2,2,2,7,0,1,1,2,0,0,0,1,0,0,1,0,1,0,1,0,0,0,8,1,0,false
C:\desenvolvimento\tcc-legado\monolito-biblioteca\src\main\java\tcc\legado\ejb\destaque\LivroDestaqueEJB.java,tcc.legado.ejb.destaque.LivroDestaqueEJB,listarTodos/0,false,20,3,1,0,1,1,1,3,1,0,0,1,0,0,0,0,0,0,0,0,0,0,0,0,0,0,2,1,0,false
C:\desenvolvimento\tcc-legado\monolito-biblioteca\src\main\java\tcc\legado\ejb\destaque\LivroDestaqueEJB.java,tcc.legado.ejb.destaque.LivroDestaqueEJB,buscarPorId/1[java.lang.Long],false,32,3,1,0,1,1,1,3,1,0,1,1,0,0,0,0,0,0,0,0,0,0,0,0,0,0,7,1,0,false
C:\desenvolvimento\tcc-legado\monolito-biblioteca\src\main\java\tcc\legado\ejb\destaque\LivroDestaqueEJB.java,tcc.legado.ejb.destaque.LivroDestaqueEJB,salvar/1[tcc.legado.model.LivroDestaque],false,38,3,1,0,1,1,1,3,0,0,1,1,0,0,0,0,0,0,0,0,0,0,0,0,0,0,4,1,0,false
C:\desenvolvimento\tcc-legado\monolito-biblioteca\src\main\java\tcc\legado\ejb\destaque\LivroDestaqueEJB.java,tcc.legado.ejb.destaque.LivroDestaqueEJB,excluir/1[java.lang.Long],false,50,2,1,0,1,1,1,3,0,0,1,1,0,0,0,0,0,0,0,0,0,0,0,0,0,0,3,1,0,false
C:\desenvolvimento\tcc-legado\monolito-biblioteca\src\main\java\tcc\legado\ejb\destaque\LivroDestaqueEJB.java,tcc.legado.ejb.destaque.LivroDestaqueEJB,listarAtivos/0,false,26,3,1,0,1,1,1,3,1,0,0,1,0,0,0,0,0,0,0,0,0,0,0,0,0,0,2,1,0,false
C:\desenvolvimento\tcc-legado\monolito-biblioteca\src\main\java\tcc\legado\ejb\destaque\LivroDestaqueEJB.java,tcc.legado.ejb.destaque.LivroDestaqueEJB,visualizar/1[java.lang.Long],false,56,2,1,0,1,1,1,3,0,0,1,1,0,0,0,0,0,0,0,0,0,0,0,0,0,0,3,1,0,false
C:\desenvolvimento\tcc-legado\monolito-biblioteca\src\main\java\tcc\legado\ejb\destaque\LivroDestaqueEJB.java,tcc.legado.ejb.destaque.LivroDestaqueEJB,atualizar/1[tcc.legado.model.LivroDestaque],false,44,3,1,0,1,1,1,3,0,0,1,1,0,0,0,0,0,0,0,0,0,0,0,0,0,0,4,1,0,false
C:\desenvolvimento\tcc-legado\monolito-biblioteca\src\main\java\tcc\legado\ejb\livro\ILivroEJB.java,tcc.legado.ejb.livro.ILivroEJB,salvar/1[tcc.legado.model.Livro],false,9,1,1,1,0,1,0,1,0,0,1,0,0,0,0,0,0,0,0,0,0,0,0,0,0,0,3,0,0,false
C:\desenvolvimento\tcc-legado\monolito-biblioteca\src\main\java\tcc\legado\ejb\livro\ILivroEJB.java,tcc.legado.ejb.livro.ILivroEJB,buscarPorId/1[java.lang.Long],false,8,1,2,2,0,1,0,1,0,0,1,0,0,0,0,0,0,0,0,0,0,0,0,0,0,0,6,0,0,false
C:\desenvolvimento\tcc-legado\monolito-biblioteca\src\main\java\tcc\legado\ejb\livro\ILivroEJB.java,tcc.legado.ejb.livro.ILivroEJB,atualizar/1[tcc.legado.model.Livro],false,10,1,1,1,0,1,0,1,0,0,1,0,0,0,0,0,0,0,0,0,0,0,0,0,0,0,3,0,0,false
C:\desenvolvimento\tcc-legado\monolito-biblioteca\src\main\java\tcc\legado\ejb\livro\ILivroEJB.java,tcc.legado.ejb.livro.ILivroEJB,excluir/1[java.lang.Long],false,11,0,1,1,0,1,0,1,0,0,1,0,0,0,0,0,0,0,0,0,0,0,0,0,0,0,3,0,0,false
C:\desenvolvimento\tcc-legado\monolito-biblioteca\src\main\java\tcc\legado\ejb\livro\ILivroEJB.java,tcc.legado.ejb.livro.ILivroEJB,listarTodos/0,false,7,1,1,1,0,1,0,1,0,0,0,0,0,0,0,0,0,0,0,0,0,0,0,0,0,0,2,0,0,false
C:\desenvolvimento\tcc-legado\monolito-biblioteca\src\main\java\tcc\legado\model\LivroDestaque.java,tcc.legado.model.LivroDestaque,getDataFim/0,false,90,0,2,2,0,1,0,3,1,0,0,0,0,0,0,0,0,0,0,0,0,0,0,0,0,0,5,1,0,false
C:\desenvolvimento\tcc-legado\monolito-biblioteca\src\main\java\tcc\legado\model\LivroDestaque.java,tcc.legado.model.LivroDestaque,setIdLivro/1[java.lang.Long],false,46,0,3,3,0,1,0,3,0,0,1,0,0,0,0,0,0,0,0,0,1,0,0,0,0,0,5,1,0,false
C:\desenvolvimento\tcc-legado\monolito-biblioteca\src\main\java\tcc\legado\model\LivroDestaque.java,tcc.legado.model.LivroDestaque,getId/0,false,34,0,3,3,0,1,0,3,1,0,0,0,0,0,0,0,0,0,0,0,0,0,0,0,0,0,4,1,0,false
C:\desenvolvimento\tcc-legado\monolito-biblioteca\src\main\java\tcc\legado\model\LivroDestaque.java,tcc.legado.model.LivroDestaque,setVisualizacoes/1[java.lang.Integer],false,110,0,2,2,0,1,0,3,0,0,1,0,0,0,0,0,0,0,0,0,1,0,0,0,0,0,4,1,0,false
C:\desenvolvimento\tcc-legado\monolito-biblioteca\src\main\java\tcc\legado\model\LivroDestaque.java,tcc.legado.model.LivroDestaque,setAtivo/1[java.lang.Boolean],false,102,0,3,3,0,1,0,3,0,0,1,0,0,0,0,0,0,0,0,0,1,0,0,0,0,0,4,1,0,false
C:\desenvolvimento\tcc-legado\monolito-biblioteca\src\main\java\tcc\legado\model\LivroDestaque.java,tcc.legado.model.LivroDestaque,setDescricao/1[java.lang.String],false,62,0,3,3,0,1,0,3,0,0,1,0,0,0,0,0,0,0,0,0,1,0,0,0,0,0,3,1,0,false
C:\desenvolvimento\tcc-legado\monolito-biblioteca\src\main\java\tcc\legado\model\LivroDestaque.java,tcc.legado.model.LivroDestaque,setCategoria/1[java.lang.String],false,78,0,3,3,0,1,0,3,0,0,1,0,0,0,0,0,0,0,0,0,1,0,0,0,0,0,3,1,0,false
C:\desenvolvimento\tcc-legado\monolito-biblioteca\src\main\java\tcc\legado\model\LivroDestaque.java,tcc.legado.model.LivroDestaque,getTitulo/0,false,50,0,3,3,0,1,0,3,1,0,0,0,0,0,0,0,0,0,0,0,0,0,0,0,0,0,3,1,0,false
C:\desenvolvimento\tcc-legado\monolito-biblioteca\src\main\java\tcc\legado\model\LivroDestaque.java,tcc.legado.model.LivroDestaque,LivroDestaque/0,true,22,0,3,3,0,1,0,2,0,0,0,0,0,0,0,0,0,0,0,0,0,0,0,0,0,0,2,1,0,false
C:\desenvolvimento\tcc-legado\monolito-biblioteca\src\main\java\tcc\legado\model\LivroDestaque.java,tcc.legado.model.LivroDestaque,setTitulo/1[java.lang.String],false,54,0,3,3,0,1,0,3,0,0,1,0,0,0,0,0,0,0,0,0,1,0,0,0,0,0,3,1,0,false
C:\desenvolvimento\tcc-legado\monolito-biblioteca\src\main\java\tcc\legado\model\LivroDestaque.java,tcc.legado.model.LivroDestaque,getCategoria/0,false,74,0,2,2,0,1,0,3,1,0,0,0,0,0,0,0,0,0,0,0,0,0,0,0,0,0,3,1,0,false
C:\desenvolvimento\tcc-legado\monolito-biblioteca\src\main\java\tcc\legado\model\LivroDestaque.java,tcc.legado.model.LivroDestaque,getVisualizacoes/0,false,106,0,1,1,0,1,0,3,1,0,0,0,0,0,0,0,0,0,0,0,0,0,0,0,0,0,4,1,0,false
C:\desenvolvimento\tcc-legado\monolito-biblioteca\src\main\java\tcc\legado\model\LivroDestaque.java,tcc.legado.model.LivroDestaque,getDescricao/0,false,58,0,2,2,0,1,0,3,1,0,0,0,0,0,0,0,0,0,0,0,0,0,0,0,0,0,3,1,0,false
C:\desenvolvimento\tcc-legado\monolito-biblioteca\src\main\java\tcc\legado\model\LivroDestaque.java,tcc.legado.model.LivroDestaque,getAtivo/0,false,98,0,2,2,0,1,0,3,1,0,0,0,0,0,0,0,0,0,0,0,0,0,0,0,0,0,4,1,0,false
C:\desenvolvimento\tcc-legado\monolito-biblioteca\src\main\java\tcc\legado\model\LivroDestaque.java,tcc.legado.model.LivroDestaque,setDesconto/1[java.lang.Double],false,70,0,3,3,0,1,0,3,0,0,1,0,0,0,0,0,0,0,0,0,1,0,0,0,0,0,4,1,0,false
C:\desenvolvimento\tcc-legado\monolito-biblioteca\src\main\java\tcc\legado\model\LivroDestaque.java,tcc.legado.model.LivroDestaque,getDesconto/0,false,66,0,3,3,0,1,0,3,1,0,0,0,0,0,0,0,0,0,0,0,0,0,0,0,0,0,4,1,0,false
C:\desenvolvimento\tcc-legado\monolito-biblioteca\src\main\java\tcc\legado\model\LivroDestaque.java,tcc.legado.model.LivroDestaque,setDataInicio/1[java.util.Date],false,86,0,3,3,0,1,0,3,0,0,1,0,0,0,0,0,0,0,0,0,1,0,0,0,0,0,5,1,0,false
C:\desenvolvimento\tcc-legado\monolito-biblioteca\src\main\java\tcc\legado\model\LivroDestaque.java,tcc.legado.model.LivroDestaque,setDataFim/1[java.util.Date],false,94,0,3,3,0,1,0,3,0,0,1,0,0,0,0,0,0,0,0,0,1,0,0,0,0,0,5,1,0,false
C:\desenvolvimento\tcc-legado\monolito-biblioteca\src\main\java\tcc\legado\model\LivroDestaque.java,tcc.legado.model.LivroDestaque,setId/1[java.lang.Long],false,38,0,3,3,0,1,0,3,0,0,1,0,0,0,0,0,0,0,0,0,1,0,0,0,0,0,4,1,0,false
C:\desenvolvimento\tcc-legado\monolito-biblioteca\src\main\java\tcc\legado\model\LivroDestaque.java,tcc.legado.model.LivroDestaque,"LivroDestaque/4[java.lang.Long,java.lang.String,java.lang.String,java.lang.Double]",true,24,0,0,0,0,1,0,8,0,0,4,0,0,0,0,0,0,0,0,1,6,0,0,0,0,0,8,1,0,false
C:\desenvolvimento\tcc-legado\monolito-biblioteca\src\main\java\tcc\legado\model\LivroDestaque.java,tcc.legado.model.LivroDestaque,getIdLivro/0,false,42,0,3,3,0,1,0,3,1,0,0,0,0,0,0,0,0,0,0,0,0,0,0,0,0,0,5,1,0,false
C:\desenvolvimento\tcc-legado\monolito-biblioteca\src\main\java\tcc\legado\model\LivroDestaque.java,tcc.legado.model.LivroDestaque,getDataInicio/0,false,82,0,2,2,0,1,0,3,1,0,0,0,0,0,0,0,0,0,0,0,0,0,0,0,0,0,5,1,0,false
C:\desenvolvimento\tcc-legado\monolito-biblioteca\src\main\java\tcc\legado\action\LivroAction.java,tcc.legado.action.LivroAction,getLivroEJB/0,false,20,1,5,5,0,1,1,5,1,2,0,1,0,0,0,0,0,0,1,0,2,0,0,0,0,0,14,2,0,false
C:\desenvolvimento\tcc-legado\monolito-biblioteca\src\main\java\tcc\legado\action\LivroAction.java,tcc.legado.action.LivroAction,"listar/4[tcc.legado.action.ActionMapping,tcc.legado.action.ActionForm,tcc.legado.action.HttpServletRequest,tcc.legado.action.HttpServletResponse]",false,31,8,4,2,2,1,4,6,1,2,4,4,1,1,0,0,0,0,2,0,2,0,0,0,0,0,14,1,0,false
C:\desenvolvimento\tcc-legado\monolito-biblioteca\src\main\java\tcc\legado\action\LivroAction.java,tcc.legado.action.LivroAction,"salvar/4[tcc.legado.action.ActionMapping,tcc.legado.action.ActionForm,tcc.legado.action.HttpServletRequest,tcc.legado.action.HttpServletResponse]",false,50,8,14,0,14,11,20,41,3,9,4,20,3,2,0,5,0,0,17,0,9,0,1,0,0,0,35,1,0,false
C:\desenvolvimento\tcc-legado\monolito-biblioteca\src\main\java\tcc\legado\action\LivroAction.java,tcc.legado.action.LivroAction,"detalhar/4[tcc.legado.action.ActionMapping,tcc.legado.action.ActionForm,tcc.legado.action.HttpServletRequest,tcc.legado.action.HttpServletResponse]",false,138,8,2,0,2,4,8,16,3,4,4,8,1,1,0,2,0,0,9,0,4,0,1,0,0,0,17,1,0,false
C:\desenvolvimento\tcc-legado\monolito-biblioteca\src\main\java\tcc\legado\action\LivroAction.java,tcc.legado.action.LivroAction,checarAutenticacao/1[tcc.legado.action.HttpServletRequest],false,25,2,3,3,0,1,3,5,1,2,1,3,0,0,0,0,0,0,2,0,2,0,0,0,0,0,10,2,0,false
C:\desenvolvimento\tcc-legado\monolito-biblioteca\src\main\java\tcc\legado\action\LivroAction.java,tcc.legado.action.LivroAction,"novo/4[tcc.legado.action.ActionMapping,tcc.legado.action.ActionForm,tcc.legado.action.HttpServletRequest,tcc.legado.action.HttpServletResponse]",false,41,5,0,0,0,1,1,3,1,0,4,1,0,0,0,0,0,0,1,0,0,0,0,0,0,0,6,1,0,false
C:\desenvolvimento\tcc-legado\monolito-biblioteca\src\main\java\tcc\legado\action\LivroAction.java,tcc.legado.action.LivroAction,"voltar/4[tcc.legado.action.ActionMapping,tcc.legado.action.ActionForm,tcc.legado.action.HttpServletRequest,tcc.legado.action.HttpServletResponse]",false,46,5,0,0,0,1,1,3,1,0,4,1,0,0,0,0,0,0,1,0,0,0,0,0,0,0,6,1,0,false
C:\desenvolvimento\tcc-legado\monolito-biblioteca\src\main\java\tcc\legado\action\LivroAction.java,tcc.legado.action.LivroAction,"editar/4[tcc.legado.action.ActionMapping,tcc.legado.action.ActionForm,tcc.legado.action.HttpServletRequest,tcc.legado.action.HttpServletResponse]",false,98,8,3,0,3,3,7,16,3,4,4,7,2,1,0,1,0,0,9,0,4,0,1,0,0,0,25,1,0,false
C:\desenvolvimento\tcc-legado\monolito-biblioteca\src\main\java\tcc\legado\action\LivroAction.java,tcc.legado.action.LivroAction,"excluir/4[tcc.legado.action.ActionMapping,tcc.legado.action.ActionForm,tcc.legado.action.HttpServletRequest,tcc.legado.action.HttpServletResponse]",false,118,7,4,0,4,3,8,16,3,3,4,8,3,2,0,1,0,0,9,0,3,0,1,0,0,0,28,1,0,false
C:\desenvolvimento\tcc-legado\monolito-biblioteca\src\main\java\tcc\legado\model\Usuario.java,tcc.legado.model.Usuario,setNome/1[java.lang.String],false,34,0,5,5,0,1,0,3,0,0,1,0,0,0,0,0,0,0,0,0,1,0,0,0,0,0,3,1,0,false
C:\desenvolvimento\tcc-legado\monolito-biblioteca\src\main\java\tcc\legado\model\Usuario.java,tcc.legado.model.Usuario,setEmail/1[java.lang.String],false,50,0,5,5,0,1,0,3,0,0,1,0,0,0,0,0,0,0,0,0,1,0,0,0,0,0,3,1,0,false
C:\desenvolvimento\tcc-legado\monolito-biblioteca\src\main\java\tcc\legado\model\Usuario.java,tcc.legado.model.Usuario,getTipo/0,false,54,0,7,7,0,1,0,3,1,0,0,0,0,0,0,0,0,0,0,0,0,0,0,0,0,0,3,1,0,false
C:\desenvolvimento\tcc-legado\monolito-biblioteca\src\main\java\tcc\legado\model\Usuario.java,tcc.legado.model.Usuario,setId/1[java.lang.Long],false,26,0,6,6,0,1,0,3,0,0,1,0,0,0,0,0,0,0,0,0,1,0,0,0,0,0,4,1,0,false
C:\desenvolvimento\tcc-legado\monolito-biblioteca\src\main\java\tcc\legado\model\Usuario.java,tcc.legado.model.Usuario,"Usuario/5[java.lang.Long,java.lang.String,java.lang.String,java.lang.String,java.lang.String]",true,14,0,0,0,0,1,0,7,0,0,5,0,0,0,0,0,0,0,0,0,5,0,0,0,0,0,7,1,0,false
C:\desenvolvimento\tcc-legado\monolito-biblioteca\src\main\java\tcc\legado\model\Usuario.java,tcc.legado.model.Usuario,setMatricula/1[java.lang.String],false,42,0,5,5,0,1,0,3,0,0,1,0,0,0,0,0,0,0,0,0,1,0,0,0,0,0,3,1,0,false
C:\desenvolvimento\tcc-legado\monolito-biblioteca\src\main\java\tcc\legado\model\Usuario.java,tcc.legado.model.Usuario,Usuario/0,true,11,0,5,5,0,1,0,2,0,0,0,0,0,0,0,0,0,0,0,0,0,0,0,0,0,0,1,1,0,false
C:\desenvolvimento\tcc-legado\monolito-biblioteca\src\main\java\tcc\legado\model\Usuario.java,tcc.legado.model.Usuario,getId/0,false,22,0,6,6,0,1,0,3,1,0,0,0,0,0,0,0,0,0,0,0,0,0,0,0,0,0,4,1,0,false
C:\desenvolvimento\tcc-legado\monolito-biblioteca\src\main\java\tcc\legado\model\Usuario.java,tcc.legado.model.Usuario,getMatricula/0,false,38,0,4,4,0,1,0,3,1,0,0,0,0,0,0,0,0,0,0,0,0,0,0,0,0,0,3,1,0,false
C:\desenvolvimento\tcc-legado\monolito-biblioteca\src\main\java\tcc\legado\model\Usuario.java,tcc.legado.model.Usuario,toString/0,false,71,0,0,0,0,1,0,3,1,0,0,0,0,0,0,0,0,0,7,0,0,2,0,0,0,0,8,1,0,false
C:\desenvolvimento\tcc-legado\monolito-biblioteca\src\main\java\tcc\legado\model\Usuario.java,tcc.legado.model.Usuario,getPerfil/0,false,58,0,1,1,0,1,0,3,1,0,0,0,0,0,0,0,0,0,0,0,0,0,0,0,0,0,3,1,0,false
C:\desenvolvimento\tcc-legado\monolito-biblioteca\src\main\java\tcc\legado\model\Usuario.java,tcc.legado.model.Usuario,getNome/0,false,30,0,5,5,0,1,0,3,1,0,0,0,0,0,0,0,0,0,0,0,0,0,0,0,0,0,3,1,0,false
C:\desenvolvimento\tcc-legado\monolito-biblioteca\src\main\java\tcc\legado\model\Usuario.java,tcc.legado.model.Usuario,setPerfil/1[java.lang.String],false,62,0,1,1,0,1,0,3,0,0,1,0,0,0,0,0,0,0,0,0,1,0,0,0,0,0,3,1,0,false
C:\desenvolvimento\tcc-legado\monolito-biblioteca\src\main\java\tcc\legado\model\Usuario.java,tcc.legado.model.Usuario,getEmail/0,false,46,0,2,2,0,1,0,3,1,0,0,0,0,0,0,0,0,0,0,0,0,0,0,0,0,0,3,1,0,false
C:\desenvolvimento\tcc-legado\monolito-biblioteca\src\main\java\tcc\legado\model\Usuario.java,tcc.legado.model.Usuario,setTipo/1[java.lang.String],false,66,0,5,5,0,1,0,3,0,0,1,0,0,0,0,0,0,0,0,0,1,0,0,0,0,0,3,1,0,false
C:\desenvolvimento\tcc-legado\monolito-biblioteca\src\main\java\tcc\legado\ejb\destaque\ILivroDestaqueEJB.java,tcc.legado.ejb.destaque.ILivroDestaqueEJB,listarAtivos/0,false,8,1,0,0,0,1,0,1,0,0,0,0,0,0,0,0,0,0,0,0,0,0,0,0,0,0,2,0,0,false
C:\desenvolvimento\tcc-legado\monolito-biblioteca\src\main\java\tcc\legado\ejb\destaque\ILivroDestaqueEJB.java,tcc.legado.ejb.destaque.ILivroDestaqueEJB,atualizar/1[tcc.legado.model.LivroDestaque],false,11,1,0,0,0,1,0,1,0,0,1,0,0,0,0,0,0,0,0,0,0,0,0,0,0,0,4,0,0,false
C:\desenvolvimento\tcc-legado\monolito-biblioteca\src\main\java\tcc\legado\ejb\destaque\ILivroDestaqueEJB.java,tcc.legado.ejb.destaque.ILivroDestaqueEJB,excluir/1[java.lang.Long],false,12,0,0,0,0,1,0,1,0,0,1,0,0,0,0,0,0,0,0,0,0,0,0,0,0,0,3,0,0,false
C:\desenvolvimento\tcc-legado\monolito-biblioteca\src\main\java\tcc\legado\ejb\destaque\ILivroDestaqueEJB.java,tcc.legado.ejb.destaque.ILivroDestaqueEJB,visualizar/1[java.lang.Long],false,13,0,0,0,0,1,0,1,0,0,1,0,0,0,0,0,0,0,0,0,0,0,0,0,0,0,3,0,0,false
C:\desenvolvimento\tcc-legado\monolito-biblioteca\src\main\java\tcc\legado\ejb\destaque\ILivroDestaqueEJB.java,tcc.legado.ejb.destaque.ILivroDestaqueEJB,buscarPorId/1[java.lang.Long],false,9,1,0,0,0,1,0,1,0,0,1,0,0,0,0,0,0,0,0,0,0,0,0,0,0,0,7,0,0,false
C:\desenvolvimento\tcc-legado\monolito-biblioteca\src\main\java\tcc\legado\ejb\destaque\ILivroDestaqueEJB.java,tcc.legado.ejb.destaque.ILivroDestaqueEJB,salvar/1[tcc.legado.model.LivroDestaque],false,10,1,0,0,0,1,0,1,0,0,1,0,0,0,0,0,0,0,0,0,0,0,0,0,0,0,4,0,0,false
C:\desenvolvimento\tcc-legado\monolito-biblioteca\src\main\java\tcc\legado\ejb\destaque\ILivroDestaqueEJB.java,tcc.legado.ejb.destaque.ILivroDestaqueEJB,listarTodos/0,false,7,1,0,0,0,1,0,1,0,0,0,0,0,0,0,0,0,0,0,0,0,0,0,0,0,0,2,0,0,false
C:\desenvolvimento\tcc-legado\monolito-biblioteca\src\main\java\tcc\legado\util\CacheGlobal.java,tcc.legado.util.CacheGlobal,get/1[java.lang.String],false,25,0,3,3,0,1,1,5,1,0,1,1,0,0,0,0,0,0,0,0,0,0,1,0,0,0,7,9,0,false
C:\desenvolvimento\tcc-legado\monolito-biblioteca\src\main\java\tcc\legado\util\CacheGlobal.java,tcc.legado.util.CacheGlobal,"put/2[java.lang.String,java.lang.Object]",false,19,0,3,3,0,1,1,5,0,0,2,1,0,0,0,0,0,0,0,0,0,0,1,0,0,0,6,9,0,false
C:\desenvolvimento\tcc-legado\monolito-biblioteca\src\main\java\tcc\legado\util\CacheGlobal.java,tcc.legado.util.CacheGlobal,getAnoCorrente/0,false,40,1,3,2,1,1,1,3,1,0,0,1,1,1,0,0,0,0,1,0,0,0,0,0,0,0,3,9,0,false
C:\desenvolvimento\tcc-legado\monolito-biblioteca\src\main\java\tcc\legado\util\CacheGlobal.java,tcc.legado.util.CacheGlobal,(initializer 1),false,13,0,0,0,0,1,3,4,0,0,0,3,0,0,0,0,0,0,2,0,0,0,0,0,0,0,0,8,0,false
C:\desenvolvimento\tcc-legado\monolito-biblioteca\src\main\java\tcc\legado\util\CacheGlobal.java,tcc.legado.util.CacheGlobal,setFeriados/1[java.util.List<java.time.LocalDate>],false,36,1,3,2,1,1,1,3,0,0,1,1,1,1,0,0,0,0,1,0,0,0,0,0,0,0,4,9,0,false
C:\desenvolvimento\tcc-legado\monolito-biblioteca\src\main\java\tcc\legado\util\CacheGlobal.java,tcc.legado.util.CacheGlobal,setAnoCorrente/1[int],false,44,1,3,2,1,1,1,3,0,0,1,1,1,1,0,0,0,0,1,0,0,0,0,0,0,0,5,9,0,false
C:\desenvolvimento\tcc-legado\monolito-biblioteca\src\main\java\tcc\legado\util\CacheGlobal.java,tcc.legado.util.CacheGlobal,getFeriados/0,false,32,1,3,2,1,1,1,3,1,0,0,1,1,1,0,0,0,0,2,0,0,0,0,0,0,0,2,9,0,false
C:\desenvolvimento\tcc-legado\monolito-biblioteca\src\main\java\tcc\legado\ejb\livro\LivroEJB.java,tcc.legado.ejb.livro.LivroEJB,listarTodos/0,false,48,2,1,0,1,1,1,3,1,0,0,1,0,0,0,0,0,0,0,0,0,0,0,0,0,0,2,1,0,false
C:\desenvolvimento\tcc-legado\monolito-biblioteca\src\main\java\tcc\legado\ejb\livro\LivroEJB.java,tcc.legado.ejb.livro.LivroEJB,buscarPorId/1[java.lang.Long],false,53,2,1,0,1,1,1,3,1,0,1,1,0,0,0,0,0,0,0,0,0,0,0,0,0,0,6,1,0,false
C:\desenvolvimento\tcc-legado\monolito-biblioteca\src\main\java\tcc\legado\ejb\livro\LivroEJB.java,tcc.legado.ejb.livro.LivroEJB,atualizar/1[tcc.legado.model.Livro],false,30,3,2,0,2,2,2,6,0,0,1,2,0,0,0,1,0,0,1,0,0,0,1,0,0,0,7,1,0,false
C:\desenvolvimento\tcc-legado\monolito-biblioteca\src\main\java\tcc\legado\ejb\livro\LivroEJB.java,tcc.legado.ejb.livro.LivroEJB,excluir/1[java.lang.Long],false,39,2,1,0,1,2,1,6,0,0,1,1,0,0,0,1,0,0,1,0,0,0,1,0,0,0,6,1,0,false
C:\desenvolvimento\tcc-legado\monolito-biblioteca\src\main\java\tcc\legado\ejb\livro\LivroEJB.java,tcc.legado.ejb.livro.LivroEJB,salvar/1[tcc.legado.model.Livro],false,21,3,2,0,2,3,4,6,0,0,1,4,0,0,0,1,0,0,1,0,0,0,1,0,0,0,6,1,0,false
C:\desenvolvimento\tcc-legado\monolito-biblioteca\src\main\java\tcc\legado\action\EmprestimoAction.java,tcc.legado.action.EmprestimoAction,"novo/4[tcc.legado.action.ActionMapping,tcc.legado.action.ActionForm,tcc.legado.action.HttpServletRequest,tcc.legado.action.HttpServletResponse]",false,30,7,4,0,4,2,5,13,2,2,4,5,0,0,0,0,1,0,6,0,2,1,1,0,0,0,16,1,0,false
C:\desenvolvimento\tcc-legado\monolito-biblioteca\src\main\java\tcc\legado\action\EmprestimoAction.java,tcc.legado.action.EmprestimoAction,"realizar/4[tcc.legado.action.ActionMapping,tcc.legado.action.ActionForm,tcc.legado.action.HttpServletRequest,tcc.legado.action.HttpServletResponse]",false,45,8,4,0,4,7,11,27,5,5,4,11,2,2,0,2,1,0,15,0,5,1,1,0,0,0,30,1,0,false
C:\desenvolvimento\tcc-legado\monolito-biblioteca\src\main\java\tcc\legado\action\EmprestimoAction.java,tcc.legado.action.EmprestimoAction,"devolver/4[tcc.legado.action.ActionMapping,tcc.legado.action.ActionForm,tcc.legado.action.HttpServletRequest,tcc.legado.action.HttpServletResponse]",false,106,7,3,0,3,5,10,22,4,3,4,10,2,2,0,1,1,0,11,0,3,0,1,0,0,0,25,1,0,false
C:\desenvolvimento\tcc-legado\monolito-biblioteca\src\main\java\tcc\legado\action\EmprestimoAction.java,tcc.legado.action.EmprestimoAction,"voltar/4[tcc.legado.action.ActionMapping,tcc.legado.action.ActionForm,tcc.legado.action.HttpServletRequest,tcc.legado.action.HttpServletResponse]",false,129,5,0,0,0,1,1,3,1,0,4,1,0,0,0,0,0,0,1,0,0,0,0,0,0,0,6,1,0,false
C:\desenvolvimento\tcc-legado\monolito-biblioteca\src\main\java\tcc\legado\action\EmprestimoAction.java,tcc.legado.action.EmprestimoAction,"detalhar/4[tcc.legado.action.ActionMapping,tcc.legado.action.ActionForm,tcc.legado.action.HttpServletRequest,tcc.legado.action.HttpServletResponse]",false,134,12,8,0,8,4,12,22,3,8,4,12,1,1,0,2,0,0,11,0,8,0,1,0,0,0,25,1,0,false
C:\desenvolvimento\tcc-legado\monolito-biblioteca\src\main\java\tcc\legado\action\EmprestimoAction.java,tcc.legado.action.EmprestimoAction,getEmprestimoEJB/0,false,23,1,5,5,0,1,1,4,1,1,0,1,0,0,0,0,0,0,1,0,1,0,0,0,0,0,12,2,0,false
C:\desenvolvimento\tcc-legado\monolito-biblioteca\src\main\java\tcc\legado\action\EmprestimoAction.java,tcc.legado.action.EmprestimoAction,"listar/4[tcc.legado.action.ActionMapping,tcc.legado.action.ActionForm,tcc.legado.action.HttpServletRequest,tcc.legado.action.HttpServletResponse]",false,76,8,4,2,2,2,5,12,2,2,4,5,1,1,0,0,1,0,5,0,2,1,1,0,0,0,16,1,0,false
C:\desenvolvimento\tcc-legado\monolito-biblioteca\src\main\java\tcc\legado\action\EmprestimoAction.java,tcc.legado.action.EmprestimoAction,"devolverForm/4[tcc.legado.action.ActionMapping,tcc.legado.action.ActionForm,tcc.legado.action.HttpServletRequest,tcc.legado.action.HttpServletResponse]",false,90,8,3,0,3,3,10,12,2,3,4,10,1,1,0,1,1,0,5,0,2,1,1,0,0,1,19,1,0,false
C:\desenvolvimento\tcc-legado\monolito-biblioteca\src\main\java\tcc\legado\job\QuartzInitializer.java,tcc.legado.job.QuartzInitializer,agendarJobs/1[tcc.legado.job.Scheduler],false,43,5,1,1,0,1,8,9,0,4,1,8,0,0,0,0,0,0,11,0,4,0,0,0,0,0,16,2,1,false
C:\desenvolvimento\tcc-legado\monolito-biblioteca\src\main\java\tcc\legado\job\QuartzInitializer.java,tcc.legado.job.QuartzInitializer,init/0,false,24,3,1,0,1,2,7,13,0,1,0,7,1,1,0,0,1,0,3,0,1,1,1,0,0,0,13,1,2,false
C:\desenvolvimento\tcc-legado\monolito-biblioteca\src\main\java\tcc\legado\ejb\auth\AuthEJB.java,tcc.legado.ejb.auth.AuthEJB,"autenticar/2[java.lang.String,java.lang.String]",false,19,3,1,0,1,2,2,6,1,0,2,2,0,0,0,0,0,0,1,1,0,0,1,0,0,0,9,1,0,false
C:\desenvolvimento\tcc-legado\monolito-biblioteca\src\main\java\tcc\legado\service\LivroDestaqueService.java,tcc.legado.service.LivroDestaqueService,atualizar/1[tcc.legado.model.LivroDestaque],false,36,3,4,1,3,2,3,7,0,0,1,3,1,1,0,1,0,0,1,0,0,0,1,0,0,0,9,1,0,false
C:\desenvolvimento\tcc-legado\monolito-biblioteca\src\main\java\tcc\legado\service\LivroDestaqueService.java,tcc.legado.service.LivroDestaqueService,listarAtivos/0,false,20,2,2,1,1,1,1,3,1,0,0,1,0,0,0,0,0,0,0,0,0,0,0,0,0,0,2,1,0,false
C:\desenvolvimento\tcc-legado\monolito-biblioteca\src\main\java\tcc\legado\service\LivroDestaqueService.java,tcc.legado.service.LivroDestaqueService,listarTodos/0,false,16,2,2,1,1,1,1,3,1,0,0,1,0,0,0,0,0,0,0,0,0,0,0,0,0,0,2,1,0,false
C:\desenvolvimento\tcc-legado\monolito-biblioteca\src\main\java\tcc\legado\service\LivroDestaqueService.java,tcc.legado.service.LivroDestaqueService,salvar/1[tcc.legado.model.LivroDestaque],false,31,3,3,1,2,1,2,4,0,0,1,2,1,1,0,0,0,0,0,0,0,0,0,0,0,0,5,1,0,false
C:\desenvolvimento\tcc-legado\monolito-biblioteca\src\main\java\tcc\legado\service\LivroDestaqueService.java,tcc.legado.service.LivroDestaqueService,validar/1[tcc.legado.model.LivroDestaque],false,58,1,5,2,3,9,5,14,0,0,1,5,0,0,0,4,0,1,4,3,0,0,1,0,0,0,12,2,0,false
C:\desenvolvimento\tcc-legado\monolito-biblioteca\src\main\java\tcc\legado\service\LivroDestaqueService.java,tcc.legado.service.LivroDestaqueService,excluir/1[java.lang.Long],false,44,1,2,1,1,3,1,6,0,0,1,1,0,0,0,1,0,0,1,1,0,0,1,0,0,0,7,1,0,false
C:\desenvolvimento\tcc-legado\monolito-biblioteca\src\main\java\tcc\legado\service\LivroDestaqueService.java,tcc.legado.service.LivroDestaqueService,buscarPorId/1[java.lang.Long],false,24,2,2,1,1,3,1,6,1,0,1,1,0,0,0,1,0,0,1,1,0,0,1,0,0,0,11,1,0,false
C:\desenvolvimento\tcc-legado\monolito-biblioteca\src\main\java\tcc\legado\service\LivroDestaqueService.java,tcc.legado.service.LivroDestaqueService,visualizar/1[java.lang.Long],false,51,1,2,1,1,3,1,6,0,0,1,1,0,0,0,1,0,0,1,1,0,0,1,0,0,0,7,1,0,false
C:\desenvolvimento\tcc-legado\monolito-biblioteca\src\main\java\tcc\legado\service\AuthService.java,tcc.legado.service.AuthService,"autenticar/2[java.lang.String,java.lang.String]",false,15,2,2,1,1,5,3,9,1,0,2,3,0,0,0,2,0,0,2,0,0,0,1,0,0,0,7,1,0,false
C:\desenvolvimento\tcc-legado\monolito-biblioteca\src\main\java\tcc\legado\dao\UsuarioDAO.java,tcc.legado.dao.UsuarioDAO,buscarPorId/1[java.lang.Long],false,63,2,13,6,7,3,13,20,2,5,1,13,1,1,0,0,1,0,6,1,5,0,2,0,0,0,31,1,0,false
C:\desenvolvimento\tcc-legado\monolito-biblioteca\src\main\java\tcc\legado\dao\UsuarioDAO.java,tcc.legado.dao.UsuarioDAO,excluir/1[java.lang.Long],false,116,1,2,1,1,2,5,10,0,3,1,5,1,1,0,0,1,0,1,1,3,0,1,0,0,0,23,1,0,false
C:\desenvolvimento\tcc-legado\monolito-biblioteca\src\main\java\tcc\legado\dao\UsuarioDAO.java,tcc.legado.dao.UsuarioDAO,listarTodos/0,false,21,2,9,2,7,3,13,19,1,6,0,13,1,1,1,0,1,0,6,0,6,0,2,0,0,0,28,1,0,false
C:\desenvolvimento\tcc-legado\monolito-biblioteca\src\main\java\tcc\legado\dao\UsuarioDAO.java,tcc.legado.dao.UsuarioDAO,buscarPorMatricula/1[java.lang.String],false,42,2,10,3,7,3,13,20,2,5,1,13,1,1,0,0,1,0,6,1,5,0,2,0,0,0,30,1,0,false
C:\desenvolvimento\tcc-legado\monolito-biblioteca\src\main\java\tcc\legado\dao\UsuarioDAO.java,tcc.legado.dao.UsuarioDAO,salvar/1[tcc.legado.model.Usuario],false,84,2,7,1,6,3,13,17,0,4,1,13,1,1,0,0,1,0,1,5,4,0,2,0,0,0,27,1,0,false
C:\desenvolvimento\tcc-legado\monolito-biblioteca\src\main\java\tcc\legado\dao\UsuarioDAO.java,tcc.legado.dao.UsuarioDAO,atualizar/1[tcc.legado.model.Usuario],false,102,2,6,1,5,2,10,13,0,3,1,10,1,1,0,0,1,0,1,4,3,0,1,0,0,0,24,1,0,false
C:\desenvolvimento\tcc-legado\monolito-biblioteca\src\main\java\tcc\legado\dao\UsuarioDAO.java,tcc.legado.dao.UsuarioDAO,getConnection/0,false,11,0,6,6,0,2,3,9,1,0,0,3,0,0,0,0,1,0,4,0,0,0,1,0,0,0,10,2,0,false
C:\desenvolvimento\tcc-legado\monolito-biblioteca\src\main\java\tcc\legado\ejb\usuario\IUsuarioEJB.java,tcc.legado.ejb.usuario.IUsuarioEJB,buscarPorMatricula/1[java.lang.String],false,9,1,1,1,0,1,0,1,0,0,1,0,0,0,0,0,0,0,0,0,0,0,0,0,0,0,5,0,0,false
C:\desenvolvimento\tcc-legado\monolito-biblioteca\src\main\java\tcc\legado\ejb\usuario\IUsuarioEJB.java,tcc.legado.ejb.usuario.IUsuarioEJB,salvar/1[tcc.legado.model.Usuario],false,10,1,1,1,0,1,0,1,0,0,1,0,0,0,0,0,0,0,0,0,0,0,0,0,0,0,3,0,0,false
C:\desenvolvimento\tcc-legado\monolito-biblioteca\src\main\java\tcc\legado\ejb\usuario\IUsuarioEJB.java,tcc.legado.ejb.usuario.IUsuarioEJB,atualizar/1[tcc.legado.model.Usuario],false,11,1,1,1,0,1,0,1,0,0,1,0,0,0,0,0,0,0,0,0,0,0,0,0,0,0,3,0,0,false
C:\desenvolvimento\tcc-legado\monolito-biblioteca\src\main\java\tcc\legado\ejb\usuario\IUsuarioEJB.java,tcc.legado.ejb.usuario.IUsuarioEJB,excluir/1[java.lang.Long],false,12,0,1,1,0,1,0,1,0,0,1,0,0,0,0,0,0,0,0,0,0,0,0,0,0,0,3,0,0,false
C:\desenvolvimento\tcc-legado\monolito-biblioteca\src\main\java\tcc\legado\ejb\usuario\IUsuarioEJB.java,tcc.legado.ejb.usuario.IUsuarioEJB,buscarPorId/1[java.lang.Long],false,8,1,1,1,0,1,0,1,0,0,1,0,0,0,0,0,0,0,0,0,0,0,0,0,0,0,6,0,0,false
C:\desenvolvimento\tcc-legado\monolito-biblioteca\src\main\java\tcc\legado\ejb\usuario\IUsuarioEJB.java,tcc.legado.ejb.usuario.IUsuarioEJB,listarTodos/0,false,7,1,1,1,0,1,0,1,0,0,0,0,0,0,0,0,0,0,0,0,0,0,0,0,0,0,2,0,0,false
C:\desenvolvimento\tcc-legado\monolito-biblioteca\src\main\java\tcc\legado\filter\AuthFilter.java,tcc.legado.filter.AuthFilter,extrairDominio/1[java.lang.String],false,91,0,1,1,0,5,1,7,5,0,1,1,0,0,0,0,0,0,8,0,0,0,1,0,0,0,4,2,0,false
C:\desenvolvimento\tcc-legado\monolito-biblioteca\src\main\java\tcc\legado\filter\AuthFilter.java,tcc.legado.filter.AuthFilter,"temPermissao/3[java.lang.String,java.lang.String,java.lang.String]",false,68,3,4,1,3,3,5,8,3,3,3,5,1,2,0,2,0,0,0,0,3,0,1,0,0,0,13,2,0,false
C:\desenvolvimento\tcc-legado\monolito-biblioteca\src\main\java\tcc\legado\filter\AuthFilter.java,tcc.legado.filter.AuthFilter,"doFilter/3[tcc.legado.filter.ServletRequest,tcc.legado.filter.ServletResponse,tcc.legado.filter.FilterChain]",false,18,7,1,0,1,20,14,29,4,7,3,14,1,3,0,2,0,0,23,0,7,3,2,0,0,0,29,1,0,false
C:\desenvolvimento\tcc-legado\monolito-biblioteca\src\main\java\tcc\legado\filter\AuthFilter.java,tcc.legado.filter.AuthFilter,mapearMetodo/1[java.lang.String],false,99,0,1,1,0,12,0,16,12,0,1,0,0,0,0,1,0,0,20,0,0,0,1,0,0,0,4,2,0,false
C:\desenvolvimento\tcc-legado\monolito-biblioteca\src\main\java\tcc\legado\filter\AuthFilter.java,tcc.legado.filter.AuthFilter,"mapearParaPermissao/2[java.lang.String,java.lang.String]",false,80,1,3,1,2,3,2,7,3,2,2,2,2,1,0,2,0,0,1,0,2,1,1,0,0,0,11,2,0,false
C:\desenvolvimento\tcc-legado\monolito-biblioteca\src\main\java\tcc\legado\ejb\auth\IAuthEJB.java,tcc.legado.ejb.auth.IAuthEJB,"autenticar/2[java.lang.String,java.lang.String]",false,6,1,1,1,0,1,0,1,0,0,2,0,0,0,0,0,0,0,0,0,0,0,0,0,0,0,3,0,0,false
C:\desenvolvimento\tcc-legado\monolito-biblioteca\src\main\java\tcc\legado\model\UsuarioAuth.java,tcc.legado.model.UsuarioAuth,getMatricula/0,false,16,0,0,0,0,1,0,3,1,0,0,0,0,0,0,0,0,0,0,0,0,0,0,0,0,0,3,1,0,false
C:\desenvolvimento\tcc-legado\monolito-biblioteca\src\main\java\tcc\legado\model\UsuarioAuth.java,tcc.legado.model.UsuarioAuth,setSenha/1[java.lang.String],false,19,0,0,0,0,1,0,3,0,0,1,0,0,0,0,0,0,0,0,0,1,0,0,0,0,0,3,1,0,false
C:\desenvolvimento\tcc-legado\monolito-biblioteca\src\main\java\tcc\legado\model\UsuarioAuth.java,tcc.legado.model.UsuarioAuth,getPerfil/0,false,20,0,0,0,0,1,0,3,1,0,0,0,0,0,0,0,0,0,0,0,0,0,0,0,0,0,3,1,0,false
C:\desenvolvimento\tcc-legado\monolito-biblioteca\src\main\java\tcc\legado\model\UsuarioAuth.java,tcc.legado.model.UsuarioAuth,getSenha/0,false,18,0,0,0,0,1,0,3,1,0,0,0,0,0,0,0,0,0,0,0,0,0,0,0,0,0,3,1,0,false
C:\desenvolvimento\tcc-legado\monolito-biblioteca\src\main\java\tcc\legado\model\UsuarioAuth.java,tcc.legado.model.UsuarioAuth,"UsuarioAuth/3[java.lang.String,java.lang.String,java.lang.String]",true,10,0,0,0,0,1,0,5,0,0,3,0,0,0,0,0,0,0,0,0,3,0,0,0,0,0,5,1,0,false
C:\desenvolvimento\tcc-legado\monolito-biblioteca\src\main\java\tcc\legado\model\UsuarioAuth.java,tcc.legado.model.UsuarioAuth,setPerfil/1[java.lang.String],false,21,0,0,0,0,1,0,3,0,0,1,0,0,0,0,0,0,0,0,0,1,0,0,0,0,0,3,1,0,false
C:\desenvolvimento\tcc-legado\monolito-biblioteca\src\main\java\tcc\legado\model\UsuarioAuth.java,tcc.legado.model.UsuarioAuth,setMatricula/1[java.lang.String],false,17,0,0,0,0,1,0,3,0,0,1,0,0,0,0,0,0,0,0,0,1,0,0,0,0,0,3,1,0,false
C:\desenvolvimento\tcc-legado\monolito-biblioteca\src\main\java\tcc\legado\model\UsuarioAuth.java,tcc.legado.model.UsuarioAuth,UsuarioAuth/0,true,8,0,0,0,0,1,0,2,0,0,0,0,0,0,0,0,0,0,0,0,0,0,0,0,0,0,2,1,0,false
C:\desenvolvimento\tcc-legado\monolito-biblioteca\src\main\java\tcc\legado\dao\LivroDestaqueDAO.java,tcc.legado.dao.LivroDestaqueDAO,excluirPorCategoria/1[java.lang.String],false,142,1,2,1,1,2,5,10,0,3,1,5,1,1,0,0,1,0,1,1,3,0,1,0,0,0,25,1,0,false
C:\desenvolvimento\tcc-legado\monolito-biblioteca\src\main\java\tcc\legado\dao\LivroDestaqueDAO.java,tcc.legado.dao.LivroDestaqueDAO,buscarTopLivrosMes/1[int],false,154,2,10,1,9,3,17,23,1,6,1,17,1,1,1,0,1,0,15,1,6,1,2,0,0,0,43,1,0,false
C:\desenvolvimento\tcc-legado\monolito-biblioteca\src\main\java\tcc\legado\dao\LivroDestaqueDAO.java,tcc.legado.dao.LivroDestaqueDAO,atualizar/1[tcc.legado.model.LivroDestaque],false,100,2,12,2,10,6,19,18,0,3,1,19,1,1,0,4,1,0,2,10,3,1,1,0,0,0,32,1,0,false
C:\desenvolvimento\tcc-legado\monolito-biblioteca\src\main\java\tcc\legado\dao\LivroDestaqueDAO.java,tcc.legado.dao.LivroDestaqueDAO,incrementarVisualizacoes/1[java.lang.Long],false,131,1,3,2,1,2,5,10,0,3,1,5,1,1,0,0,1,0,1,1,3,0,1,0,0,0,24,1,0,false
C:\desenvolvimento\tcc-legado\monolito-biblioteca\src\main\java\tcc\legado\dao\LivroDestaqueDAO.java,tcc.legado.dao.LivroDestaqueDAO,getConnection/0,false,18,0,10,10,0,2,3,9,1,0,0,3,0,0,0,0,1,0,4,0,0,0,1,0,0,0,10,2,0,false
C:\desenvolvimento\tcc-legado\monolito-biblioteca\src\main\java\tcc\legado\dao\LivroDestaqueDAO.java,tcc.legado.dao.LivroDestaqueDAO,listarTodos/0,false,28,2,4,2,2,3,7,14,1,6,0,7,2,1,1,0,1,0,1,0,6,0,2,0,0,0,34,1,0,false
C:\desenvolvimento\tcc-legado\monolito-biblioteca\src\main\java\tcc\legado\dao\LivroDestaqueDAO.java,tcc.legado.dao.LivroDestaqueDAO,salvar/1[tcc.legado.model.LivroDestaque],false,75,2,14,3,11,8,24,22,0,4,1,24,1,1,0,5,1,0,2,12,4,1,2,0,0,0,27,1,0,false
C:\desenvolvimento\tcc-legado\monolito-biblioteca\src\main\java\tcc\legado\dao\LivroDestaqueDAO.java,tcc.legado.dao.LivroDestaqueDAO,listarAtivos/0,false,44,2,4,2,2,3,7,14,1,6,0,7,2,1,1,0,1,0,1,0,6,0,2,0,0,0,38,1,0,false
C:\desenvolvimento\tcc-legado\monolito-biblioteca\src\main\java\tcc\legado\dao\LivroDestaqueDAO.java,tcc.legado.dao.LivroDestaqueDAO,listarPorCategoria/1[java.lang.String],false,187,2,3,1,2,3,8,15,1,5,1,8,2,1,1,0,1,0,1,1,5,0,2,0,0,0,37,1,0,false
C:\desenvolvimento\tcc-legado\monolito-biblioteca\src\main\java\tcc\legado\dao\LivroDestaqueDAO.java,tcc.legado.dao.LivroDestaqueDAO,excluir/1[java.lang.Long],false,120,1,3,2,1,2,5,10,0,3,1,5,1,1,0,0,1,0,1,1,3,0,1,0,0,0,24,1,0,false
C:\desenvolvimento\tcc-legado\monolito-biblioteca\src\main\java\tcc\legado\dao\LivroDestaqueDAO.java,tcc.legado.dao.LivroDestaqueDAO,buscarPorId/1[java.lang.Long],false,60,2,5,3,2,3,7,14,2,4,1,7,2,1,0,0,1,0,1,1,4,0,2,0,0,0,34,1,0,false
C:\desenvolvimento\tcc-legado\monolito-biblioteca\src\main\java\tcc\legado\dao\LivroDestaqueDAO.java,tcc.legado.dao.LivroDestaqueDAO,mapResultSetToLivroDestaque/1[java.sql.ResultSet],false,203,1,15,4,11,3,17,20,1,3,1,17,0,0,0,2,0,0,10,0,3,0,1,0,0,0,16,2,0,false
C:\desenvolvimento\tcc-legado\monolito-biblioteca\src\main\java\tcc\legado\action\UsuarioAction.java,tcc.legado.action.UsuarioAction,getUsuarioEJB/0,false,21,1,5,5,0,1,1,4,1,1,0,1,0,0,0,0,0,0,1,0,1,0,0,0,0,0,12,2,0,false
C:\desenvolvimento\tcc-legado\monolito-biblioteca\src\main\java\tcc\legado\action\UsuarioAction.java,tcc.legado.action.UsuarioAction,"listar/4[tcc.legado.action.ActionMapping,tcc.legado.action.ActionForm,tcc.legado.action.HttpServletRequest,tcc.legado.action.HttpServletResponse]",false,32,8,4,2,2,1,4,6,1,2,4,4,1,1,0,0,0,0,2,0,2,0,0,0,0,0,14,1,0,false
C:\desenvolvimento\tcc-legado\monolito-biblioteca\src\main\java\tcc\legado\action\UsuarioAction.java,tcc.legado.action.UsuarioAction,"salvar/4[tcc.legado.action.ActionMapping,tcc.legado.action.ActionForm,tcc.legado.action.HttpServletRequest,tcc.legado.action.HttpServletResponse]",false,50,8,12,0,12,5,16,29,2,7,4,16,3,2,0,2,0,0,12,0,7,0,1,0,0,0,32,1,0,false
C:\desenvolvimento\tcc-legado\monolito-biblioteca\src\main\java\tcc\legado\action\UsuarioAction.java,tcc.legado.action.UsuarioAction,checarAutenticacao/1[tcc.legado.action.HttpServletRequest],false,25,2,3,3,0,1,3,5,1,2,1,3,0,0,0,0,0,0,2,0,2,0,0,0,0,0,10,2,0,false
C:\desenvolvimento\tcc-legado\monolito-biblioteca\src\main\java\tcc\legado\action\UsuarioAction.java,tcc.legado.action.UsuarioAction,"novo/4[tcc.legado.action.ActionMapping,tcc.legado.action.ActionForm,tcc.legado.action.HttpServletRequest,tcc.legado.action.HttpServletResponse]",false,40,5,0,0,0,1,1,3,1,0,4,1,0,0,0,0,0,0,1,0,0,0,0,0,0,0,6,1,0,false
C:\desenvolvimento\tcc-legado\monolito-biblioteca\src\main\java\tcc\legado\action\UsuarioAction.java,tcc.legado.action.UsuarioAction,"excluir/4[tcc.legado.action.ActionMapping,tcc.legado.action.ActionForm,tcc.legado.action.HttpServletRequest,tcc.legado.action.HttpServletResponse]",false,101,7,4,0,4,3,8,16,3,3,4,8,3,2,0,1,0,0,9,0,3,0,1,0,0,0,26,1,0,false
C:\desenvolvimento\tcc-legado\monolito-biblioteca\src\main\java\tcc\legado\action\UsuarioAction.java,tcc.legado.action.UsuarioAction,"buscarPorMatricula/4[tcc.legado.action.ActionMapping,tcc.legado.action.ActionForm,tcc.legado.action.HttpServletRequest,tcc.legado.action.HttpServletResponse]",false,120,8,6,0,6,4,14,17,2,3,4,14,1,1,0,2,0,0,11,0,3,1,1,0,0,0,24,1,0,false
C:\desenvolvimento\tcc-legado\monolito-biblioteca\src\main\java\tcc\legado\action\UsuarioAction.java,tcc.legado.action.UsuarioAction,"editar/4[tcc.legado.action.ActionMapping,tcc.legado.action.ActionForm,tcc.legado.action.HttpServletRequest,tcc.legado.action.HttpServletResponse]",false,82,8,3,0,3,3,7,16,3,4,4,7,2,1,0,1,0,0,9,0,4,0,1,0,0,0,26,1,0,false
C:\desenvolvimento\tcc-legado\monolito-biblioteca\src\main\java\tcc\legado\action\UsuarioAction.java,tcc.legado.action.UsuarioAction,"voltar/4[tcc.legado.action.ActionMapping,tcc.legado.action.ActionForm,tcc.legado.action.HttpServletRequest,tcc.legado.action.HttpServletResponse]",false,45,5,0,0,0,1,1,3,1,0,4,1,0,0,0,0,0,0,1,0,0,0,0,0,0,0,6,1,0,false
C:\desenvolvimento\tcc-legado\monolito-biblioteca\src\main\java\tcc\legado\ejb\emprestimo\IEmprestimoEJB.java,tcc.legado.ejb.emprestimo.IEmprestimoEJB,buscarAtrasados/0,false,11,1,0,0,0,1,0,1,0,0,0,0,0,0,0,0,0,0,0,0,0,0,0,0,0,0,2,0,0,false
C:\desenvolvimento\tcc-legado\monolito-biblioteca\src\main\java\tcc\legado\ejb\emprestimo\IEmprestimoEJB.java,tcc.legado.ejb.emprestimo.IEmprestimoEJB,"criarEmprestimo/2[java.lang.Long,java.lang.String]",false,7,1,1,1,0,1,0,1,0,0,2,0,0,0,0,0,0,0,0,0,0,0,0,0,0,0,4,0,0,false
C:\desenvolvimento\tcc-legado\monolito-biblioteca\src\main\java\tcc\legado\ejb\emprestimo\IEmprestimoEJB.java,tcc.legado.ejb.emprestimo.IEmprestimoEJB,registrarDevolucao/1[java.lang.Long],false,8,0,1,1,0,1,0,1,0,0,1,0,0,0,0,0,0,0,0,0,0,0,0,0,0,0,5,0,0,false
C:\desenvolvimento\tcc-legado\monolito-biblioteca\src\main\java\tcc\legado\ejb\emprestimo\IEmprestimoEJB.java,tcc.legado.ejb.emprestimo.IEmprestimoEJB,listarTodos/0,false,9,1,2,2,0,1,0,1,0,0,0,0,0,0,0,0,0,0,0,0,0,0,0,0,0,0,2,0,0,false
C:\desenvolvimento\tcc-legado\monolito-biblioteca\src\main\java\tcc\legado\ejb\emprestimo\IEmprestimoEJB.java,tcc.legado.ejb.emprestimo.IEmprestimoEJB,atualizarMultasAtrasadas/0,false,12,0,1,1,0,1,0,1,0,0,0,0,0,0,0,0,0,0,0,0,0,0,0,0,0,0,3,0,0,false
C:\desenvolvimento\tcc-legado\monolito-biblioteca\src\main\java\tcc\legado\ejb\emprestimo\IEmprestimoEJB.java,tcc.legado.ejb.emprestimo.IEmprestimoEJB,buscarPorId/1[java.lang.Long],false,10,1,1,1,0,1,0,1,0,0,1,0,0,0,0,0,0,0,0,0,0,0,0,0,0,0,6,0,0,false
C:\desenvolvimento\tcc-legado\monolito-biblioteca\src\main\java\tcc\legado\servlet\HealthCheckServlet.java,tcc.legado.servlet.HealthCheckServlet,"doGet/2[tcc.legado.servlet.HttpServletRequest,tcc.legado.servlet.HttpServletResponse]",false,12,2,0,0,0,1,3,4,0,0,2,3,0,0,0,0,0,0,1,0,0,0,0,0,0,0,9,4,0,false
C:\desenvolvimento\tcc-legado\monolito-biblioteca\src\main\java\tcc\legado\action\AuthAction.java,tcc.legado.action.AuthAction,"logout/4[tcc.legado.action.ActionMapping,tcc.legado.action.ActionForm,tcc.legado.action.HttpServletRequest,tcc.legado.action.HttpServletResponse]",false,48,6,0,0,0,2,3,7,1,1,4,3,0,0,0,1,0,0,1,0,1,0,1,0,0,0,11,1,0,false
C:\desenvolvimento\tcc-legado\monolito-biblioteca\src\main\java\tcc\legado\action\AuthAction.java,tcc.legado.action.AuthAction,"login/4[tcc.legado.action.ActionMapping,tcc.legado.action.ActionForm,tcc.legado.action.HttpServletRequest,tcc.legado.action.HttpServletResponse]",false,20,8,2,0,2,4,9,21,3,6,4,9,0,0,0,2,0,0,12,0,6,0,1,0,0,0,26,1,0,false
C:\desenvolvimento\tcc-legado\monolito-biblioteca\src\main\java\tcc\legado\action\LivroDestaqueAction.java,tcc.legado.action.LivroDestaqueAction,"novo/4[tcc.legado.action.ActionMapping,tcc.legado.action.ActionForm,tcc.legado.action.HttpServletRequest,tcc.legado.action.HttpServletResponse]",false,44,5,0,0,0,1,1,3,1,0,4,1,0,0,0,0,0,0,1,0,0,0,0,0,0,0,6,1,0,false
C:\desenvolvimento\tcc-legado\monolito-biblioteca\src\main\java\tcc\legado\action\LivroDestaqueAction.java,tcc.legado.action.LivroDestaqueAction,"excluir/4[tcc.legado.action.ActionMapping,tcc.legado.action.ActionForm,tcc.legado.action.HttpServletRequest,tcc.legado.action.HttpServletResponse]",false,129,7,2,0,2,2,6,11,2,2,4,6,1,1,0,1,0,0,6,0,2,0,1,0,0,0,14,1,0,false
C:\desenvolvimento\tcc-legado\monolito-biblioteca\src\main\java\tcc\legado\action\LivroDestaqueAction.java,tcc.legado.action.LivroDestaqueAction,"visualizar/4[tcc.legado.action.ActionMapping,tcc.legado.action.ActionForm,tcc.legado.action.HttpServletRequest,tcc.legado.action.HttpServletResponse]",false,145,7,2,0,2,4,8,16,3,3,4,8,0,0,0,2,0,0,9,0,3,0,1,0,0,0,13,1,0,false
C:\desenvolvimento\tcc-legado\monolito-biblioteca\src\main\java\tcc\legado\action\LivroDestaqueAction.java,tcc.legado.action.LivroDestaqueAction,"salvar/4[tcc.legado.action.ActionMapping,tcc.legado.action.ActionForm,tcc.legado.action.HttpServletRequest,tcc.legado.action.HttpServletResponse]",false,54,8,14,0,14,14,22,47,3,11,4,22,1,1,0,7,0,0,22,0,11,0,1,0,0,0,30,1,0,false
C:\desenvolvimento\tcc-legado\monolito-biblioteca\src\main\java\tcc\legado\action\LivroDestaqueAction.java,tcc.legado.action.LivroDestaqueAction,"voltar/4[tcc.legado.action.ActionMapping,tcc.legado.action.ActionForm,tcc.legado.action.HttpServletRequest,tcc.legado.action.HttpServletResponse]",false,49,5,0,0,0,1,1,3,1,0,4,1,0,0,0,0,0,0,1,0,0,0,0,0,0,0,6,1,0,false
C:\desenvolvimento\tcc-legado\monolito-biblioteca\src\main\java\tcc\legado\action\LivroDestaqueAction.java,tcc.legado.action.LivroDestaqueAction,"listar/4[tcc.legado.action.ActionMapping,tcc.legado.action.ActionForm,tcc.legado.action.HttpServletRequest,tcc.legado.action.HttpServletResponse]",false,25,7,5,2,3,2,7,14,1,3,4,7,0,0,0,0,0,0,6,0,4,0,1,0,0,0,10,1,0,false
C:\desenvolvimento\tcc-legado\monolito-biblioteca\src\main\java\tcc\legado\action\LivroDestaqueAction.java,tcc.legado.action.LivroDestaqueAction,"editar/4[tcc.legado.action.ActionMapping,tcc.legado.action.ActionForm,tcc.legado.action.HttpServletRequest,tcc.legado.action.HttpServletResponse]",false,113,7,1,0,1,2,5,11,2,3,4,5,0,0,0,1,0,0,6,0,3,0,1,0,0,0,14,1,0,false
C:\desenvolvimento\tcc-legado\monolito-biblioteca\src\main\java\tcc\legado\job\MultaDiariaJob.java,tcc.legado.job.MultaDiariaJob,execute/1[tcc.legado.job.JobExecutionContext],false,16,3,1,0,1,2,5,13,0,2,1,5,0,0,0,0,1,0,4,0,2,1,1,0,0,0,18,1,2,false
C:\desenvolvimento\tcc-legado\monolito-biblioteca\src\main\java\tcc\legado\dao\EmprestimoDAO.java,tcc.legado.dao.EmprestimoDAO,buscarPorId/1[java.lang.Long],false,94,2,11,2,9,3,16,22,2,5,1,16,1,1,0,0,1,0,8,1,5,0,2,0,0,0,31,1,0,false
C:\desenvolvimento\tcc-legado\monolito-biblioteca\src\main\java\tcc\legado\dao\EmprestimoDAO.java,tcc.legado.dao.EmprestimoDAO,buscarAtrasados/0,false,117,2,11,2,9,3,16,21,1,6,0,16,1,1,1,0,1,0,8,0,6,0,2,0,0,0,36,1,0,false
C:\desenvolvimento\tcc-legado\monolito-biblioteca\src\main\java\tcc\legado\dao\EmprestimoDAO.java,tcc.legado.dao.EmprestimoDAO,getConnection/0,false,17,0,6,6,0,2,3,9,1,0,0,3,0,0,0,0,1,0,4,0,0,0,1,0,0,0,10,2,0,false
C:\desenvolvimento\tcc-legado\monolito-biblioteca\src\main\java\tcc\legado\dao\EmprestimoDAO.java,tcc.legado.dao.EmprestimoDAO,salvar/1[tcc.legado.model.Emprestimo],false,27,2,8,1,7,4,17,18,0,4,1,17,1,1,0,1,1,0,1,7,4,0,2,0,0,0,28,1,0,false
C:\desenvolvimento\tcc-legado\monolito-biblioteca\src\main\java\tcc\legado\dao\EmprestimoDAO.java,tcc.legado.dao.EmprestimoDAO,"atualizarDevolucao/3[java.lang.Long,java.util.Date,double]",false,46,1,2,1,1,2,8,12,0,3,3,8,1,1,0,0,1,0,1,3,3,0,1,0,0,0,26,1,0,false
C:\desenvolvimento\tcc-legado\monolito-biblioteca\src\main\java\tcc\legado\dao\EmprestimoDAO.java,tcc.legado.dao.EmprestimoDAO,"atualizarMulta/2[java.lang.Long,double]",false,59,1,2,1,1,2,5,11,0,3,2,5,1,1,0,0,1,0,2,2,3,1,1,0,0,0,33,1,0,false
C:\desenvolvimento\tcc-legado\monolito-biblioteca\src\main\java\tcc\legado\dao\EmprestimoDAO.java,tcc.legado.dao.EmprestimoDAO,listarTodos/0,false,71,2,10,1,9,3,16,21,1,6,0,16,1,1,1,0,1,0,8,0,6,0,2,0,0,0,28,1,0,false
C:\desenvolvimento\tcc-legado\monolito-biblioteca\src\main\java\tcc\legado\service\EmprestimoService.java,tcc.legado.service.EmprestimoService,"calcularMulta/3[tcc.legado.model.Emprestimo,java.lang.String,java.time.LocalDate]",false,177,4,9,2,7,9,14,38,3,9,3,14,1,1,1,1,0,0,6,9,12,3,2,0,0,0,26,2,2,false
C:\desenvolvimento\tcc-legado\monolito-biblioteca\src\main\java\tcc\legado\service\EmprestimoService.java,tcc.legado.service.EmprestimoService,registrarDevolucao/1[java.lang.Long],false,129,7,16,1,15,5,18,24,0,5,1,18,1,2,0,4,0,0,5,1,5,2,1,0,0,0,20,1,1,false
C:\desenvolvimento\tcc-legado\monolito-biblioteca\src\main\java\tcc\legado\service\EmprestimoService.java,tcc.legado.service.EmprestimoService,buscarAtrasados/0,false,245,2,2,1,1,1,1,3,1,0,0,1,0,0,0,0,0,0,0,0,0,0,0,0,0,0,2,1,0,false
C:\desenvolvimento\tcc-legado\monolito-biblioteca\src\main\java\tcc\legado\service\EmprestimoService.java,tcc.legado.service.EmprestimoService,buscarPorId/1[java.lang.Long],false,241,2,2,1,1,1,1,3,1,0,1,1,0,0,0,0,0,0,0,0,0,0,0,0,0,0,6,1,0,false
C:\desenvolvimento\tcc-legado\monolito-biblioteca\src\main\java\tcc\legado\service\EmprestimoService.java,tcc.legado.service.EmprestimoService,"criarEmprestimo/2[java.lang.Long,java.lang.String]",false,37,8,19,1,18,6,18,35,1,5,2,18,1,2,0,2,0,0,6,6,7,2,1,0,0,0,27,1,1,false
C:\desenvolvimento\tcc-legado\monolito-biblioteca\src\main\java\tcc\legado\service\EmprestimoService.java,tcc.legado.service.EmprestimoService,atualizarMultasAtrasadas/0,false,165,5,8,1,7,3,8,11,0,3,0,8,1,2,1,1,0,0,1,0,3,1,2,0,0,0,19,1,0,false
C:\desenvolvimento\tcc-legado\monolito-biblioteca\src\main\java\tcc\legado\service\EmprestimoService.java,tcc.legado.service.EmprestimoService,listarTodos/0,false,237,2,3,2,1,1,1,3,1,0,0,1,0,0,0,0,0,0,0,0,0,0,0,0,0,0,2,1,0,false
C:\desenvolvimento\tcc-legado\monolito-biblioteca\src\main\java\tcc\legado\service\EmprestimoService.java,tcc.legado.service.EmprestimoService,"isDiaUtil/2[java.time.LocalDate,java.util.List<java.time.LocalDate>]",false,119,0,2,2,0,2,3,6,2,0,2,3,0,0,0,0,0,0,0,1,0,0,1,0,0,0,8,2,0,false
C:\desenvolvimento\tcc-legado\monolito-biblioteca\src\main\java\tcc\legado\service\EmprestimoService.java,tcc.legado.service.EmprestimoService,calcularDataPrevistaComFeriados/1[int],false,90,3,7,1,6,5,15,20,1,5,1,15,1,1,1,1,0,0,2,2,6,2,2,0,0,0,29,2,2,false
C:\desenvolvimento\tcc-legado\monolito-biblioteca\src\main\java\tcc\legado\dao\AuthDAO.java,tcc.legado.dao.AuthDAO,"autenticar/2[java.lang.String,java.lang.String]",false,29,3,10,1,9,3,15,23,2,6,2,15,1,1,0,0,1,0,10,2,6,1,2,0,0,0,44,1,0,true
C:\desenvolvimento\tcc-legado\monolito-biblioteca\src\main\java\tcc\legado\dao\AuthDAO.java,tcc.legado.dao.AuthDAO,getConnection/0,false,14,0,1,1,0,2,3,9,1,0,0,3,0,0,0,0,1,0,4,0,0,0,1,0,0,0,10,2,0,false
C:\desenvolvimento\tcc-legado\monolito-biblioteca\src\main\java\tcc\legado\ejb\usuario\UsuarioEJB.java,tcc.legado.ejb.usuario.UsuarioEJB,buscarPorId/1[java.lang.Long],false,51,2,1,0,1,1,1,3,1,0,1,1,0,0,0,0,0,0,0,0,0,0,0,0,0,0,6,1,0,false
C:\desenvolvimento\tcc-legado\monolito-biblioteca\src\main\java\tcc\legado\ejb\usuario\UsuarioEJB.java,tcc.legado.ejb.usuario.UsuarioEJB,atualizar/1[tcc.legado.model.Usuario],false,29,3,2,0,2,2,2,6,0,0,1,2,0,0,0,1,0,0,1,0,0,0,1,0,0,0,6,1,0,false
C:\desenvolvimento\tcc-legado\monolito-biblioteca\src\main\java\tcc\legado\ejb\usuario\UsuarioEJB.java,tcc.legado.ejb.usuario.UsuarioEJB,listarTodos/0,false,46,2,1,0,1,1,1,3,1,0,0,1,0,0,0,0,0,0,0,0,0,0,0,0,0,0,2,1,0,false
C:\desenvolvimento\tcc-legado\monolito-biblioteca\src\main\java\tcc\legado\ejb\usuario\UsuarioEJB.java,tcc.legado.ejb.usuario.UsuarioEJB,buscarPorMatricula/1[java.lang.String],false,56,2,1,0,1,1,1,3,1,0,1,1,0,0,0,0,0,0,0,0,0,0,0,0,0,0,5,1,0,false
C:\desenvolvimento\tcc-legado\monolito-biblioteca\src\main\java\tcc\legado\ejb\usuario\UsuarioEJB.java,tcc.legado.ejb.usuario.UsuarioEJB,salvar/1[tcc.legado.model.Usuario],false,20,3,2,0,2,3,4,6,0,0,1,4,0,0,0,1,0,0,1,0,0,0,1,0,0,0,6,1,0,false
C:\desenvolvimento\tcc-legado\monolito-biblioteca\src\main\java\tcc\legado\ejb\usuario\UsuarioEJB.java,tcc.legado.ejb.usuario.UsuarioEJB,excluir/1[java.lang.Long],false,38,2,1,0,1,2,1,6,0,0,1,1,0,0,0,1,0,0,1,0,0,0,1,0,0,0,6,1,0,false
C:\desenvolvimento\tcc-legado\monolito-biblioteca\src\main\java\tcc\legado\model\Emprestimo.java,tcc.legado.model.Emprestimo,setDataEmprestimo/1[java.util.Date],false,34,0,4,4,0,1,0,3,0,0,1,0,0,0,0,0,0,0,0,0,1,0,0,0,0,0,5,1,0,false
C:\desenvolvimento\tcc-legado\monolito-biblioteca\src\main\java\tcc\legado\model\Emprestimo.java,tcc.legado.model.Emprestimo,setIdLivro/1[java.lang.Long],false,22,0,4,4,0,1,0,3,0,0,1,0,0,0,0,0,0,0,0,0,1,0,0,0,0,0,5,1,0,false
C:\desenvolvimento\tcc-legado\monolito-biblioteca\src\main\java\tcc\legado\model\Emprestimo.java,tcc.legado.model.Emprestimo,getDataEmprestimo/0,false,31,0,1,1,0,1,0,3,1,0,0,0,0,0,0,0,0,0,0,0,0,0,0,0,0,0,5,1,0,false
C:\desenvolvimento\tcc-legado\monolito-biblioteca\src\main\java\tcc\legado\model\Emprestimo.java,tcc.legado.model.Emprestimo,getDataDevolucaoReal/0,false,43,0,3,3,0,1,0,3,1,0,0,0,0,0,0,0,0,0,0,0,0,0,0,0,0,0,6,1,0,false
C:\desenvolvimento\tcc-legado\monolito-biblioteca\src\main\java\tcc\legado\model\Emprestimo.java,tcc.legado.model.Emprestimo,setId/1[java.lang.Long],false,16,0,4,4,0,1,0,3,0,0,1,0,0,0,0,0,0,0,0,0,1,0,0,0,0,0,4,1,0,false
C:\desenvolvimento\tcc-legado\monolito-biblioteca\src\main\java\tcc\legado\model\Emprestimo.java,tcc.legado.model.Emprestimo,setMulta/1[java.lang.Double],false,52,0,5,5,0,1,0,3,0,0,1,0,0,0,0,0,0,0,0,0,1,0,0,0,0,0,4,1,0,false
C:\desenvolvimento\tcc-legado\monolito-biblioteca\src\main\java\tcc\legado\model\Emprestimo.java,tcc.legado.model.Emprestimo,getId/0,false,13,0,4,4,0,1,0,3,1,0,0,0,0,0,0,0,0,0,0,0,0,0,0,0,0,0,4,1,0,false
C:\desenvolvimento\tcc-legado\monolito-biblioteca\src\main\java\tcc\legado\model\Emprestimo.java,tcc.legado.model.Emprestimo,setIdUsuario/1[java.lang.Long],false,28,0,4,4,0,1,0,3,0,0,1,0,0,0,0,0,0,0,0,0,1,0,0,0,0,0,5,1,0,false
C:\desenvolvimento\tcc-legado\monolito-biblioteca\src\main\java\tcc\legado\model\Emprestimo.java,tcc.legado.model.Emprestimo,getIdUsuario/0,false,25,0,4,4,0,1,0,3,1,0,0,0,0,0,0,0,0,0,0,0,0,0,0,0,0,0,5,1,0,false
C:\desenvolvimento\tcc-legado\monolito-biblioteca\src\main\java\tcc\legado\model\Emprestimo.java,tcc.legado.model.Emprestimo,getIdLivro/0,false,19,0,4,4,0,1,0,3,1,0,0,0,0,0,0,0,0,0,0,0,0,0,0,0,0,0,5,1,0,false
C:\desenvolvimento\tcc-legado\monolito-biblioteca\src\main\java\tcc\legado\model\Emprestimo.java,tcc.legado.model.Emprestimo,getMulta/0,false,49,0,1,1,0,1,0,3,1,0,0,0,0,0,0,0,0,0,0,0,0,0,0,0,0,0,4,1,0,false
C:\desenvolvimento\tcc-legado\monolito-biblioteca\src\main\java\tcc\legado\model\Emprestimo.java,tcc.legado.model.Emprestimo,getDataPrevistaDevolucao/0,false,37,0,2,2,0,1,0,3,1,0,0,0,0,0,0,0,0,0,0,0,0,0,0,0,0,0,6,1,0,false
C:\desenvolvimento\tcc-legado\monolito-biblioteca\src\main\java\tcc\legado\model\Emprestimo.java,tcc.legado.model.Emprestimo,setDataPrevistaDevolucao/1[java.util.Date],false,40,0,4,4,0,1,0,3,0,0,1,0,0,0,0,0,0,0,0,0,1,0,0,0,0,0,6,1,0,false
C:\desenvolvimento\tcc-legado\monolito-biblioteca\src\main\java\tcc\legado\model\Emprestimo.java,tcc.legado.model.Emprestimo,setDataDevolucaoReal/1[java.util.Date],false,46,0,4,4,0,1,0,3,0,0,1,0,0,0,0,0,0,0,0,0,1,0,0,0,0,0,6,1,0,false
C:\desenvolvimento\tcc-legado\monolito-biblioteca\src\main\java\tcc\legado\dao\LivroDAO.java,tcc.legado.dao.LivroDAO,buscarPorId/1[java.lang.Long],false,47,2,15,6,9,3,16,22,2,5,1,16,1,1,0,0,1,0,8,1,5,0,2,0,0,0,31,1,0,false
C:\desenvolvimento\tcc-legado\monolito-biblioteca\src\main\java\tcc\legado\dao\LivroDAO.java,tcc.legado.dao.LivroDAO,getConnection/0,false,14,0,5,5,0,2,3,9,1,0,0,3,0,0,0,0,1,0,4,0,0,0,1,0,0,0,10,2,0,false
C:\desenvolvimento\tcc-legado\monolito-biblioteca\src\main\java\tcc\legado\dao\LivroDAO.java,tcc.legado.dao.LivroDAO,atualizar/1[tcc.legado.model.Livro],false,90,2,11,3,8,2,14,16,0,3,1,14,1,1,0,0,1,0,1,7,3,0,1,0,0,0,27,1,0,false
C:\desenvolvimento\tcc-legado\monolito-biblioteca\src\main\java\tcc\legado\dao\LivroDAO.java,tcc.legado.dao.LivroDAO,excluir/1[java.lang.Long],false,107,1,2,1,1,3,6,14,0,4,1,6,1,1,0,1,1,0,4,2,4,2,2,0,0,0,31,1,0,false
C:\desenvolvimento\tcc-legado\monolito-biblioteca\src\main\java\tcc\legado\dao\LivroDAO.java,tcc.legado.dao.LivroDAO,listarTodos/0,false,24,2,11,2,9,3,16,21,1,6,0,16,1,1,1,0,1,0,8,0,6,0,2,0,0,0,28,1,0,false
C:\desenvolvimento\tcc-legado\monolito-biblioteca\src\main\java\tcc\legado\dao\LivroDAO.java,tcc.legado.dao.LivroDAO,salvar/1[tcc.legado.model.Livro],false,70,2,9,1,8,3,16,19,0,4,1,16,1,1,0,0,1,0,1,7,4,0,2,0,0,0,27,1,0,false
C:\desenvolvimento\tcc-legado\monolito-biblioteca\src\main\java\tcc\legado\job\AtualizarMaisEmprestadosJob.java,tcc.legado.job.AtualizarMaisEmprestadosJob,execute/1[tcc.legado.job.JobExecutionContext],false,20,5,17,0,17,4,25,46,1,7,1,25,0,0,1,0,1,0,12,11,7,5,2,0,0,0,36,1,5,false
